"OldPath","NewPath"
"about\about-us\index.html","about\about-us.html"
"about\blog\index.html","about\blog.html"
"about\faq\index.html","about\faq.html"
"about\how-to-videos\index.html","about\how-to-videos.html"
"about\login\index.html","about\login.html"
"about\portfolio\index.html","about\portfolio.html"
"about\website-knowledge-base\index.html","about\website-knowledge-base.html"
"about\widget-knowledge-base\index.html","about\widget-knowledge-base.html"
"addons\domain-names\index.html","addons\domain-names.html"
"addons\professional-email\index.html","addons\professional-email.html"
"addons\website-app-store\index.html","addons\website-app-store.html"
"addons\widgets\index.html","addons\widgets.html"
"design\branding\index.html","design\branding.html"
"design\graphic-design\index.html","design\graphic-design.html"
"design\logo-design\index.html","design\logo-design.html"
"design\professional-editor\index.html","design\professional-editor.html"
"design\simple-editor\index.html","design\simple-editor.html"
"design\website-design\index.html","design\website-design.html"
"digital-ads\amazon-advertising\index.html","digital-ads\amazon-advertising.html"
"digital-ads\google-advertising\index.html","digital-ads\google-advertising.html"
"digital-ads\local-services-advertising\index.html","digital-ads\local-services-advertising.html"
"digital-ads\microsoft-advertising\index.html","digital-ads\microsoft-advertising.html"
"digital-ads\social-media-advertising\index.html","digital-ads\social-media-advertising.html"
"digital-ads\television-advertising\index.html","digital-ads\television-advertising.html"
"industries\accounting-firms\index.html","industries\accounting-firms.html"
"industries\appliance-stores\index.html","industries\appliance-stores.html"
"industries\artists-creators\index.html","industries\artists-creators.html"
"industries\arts-organizations\index.html","industries\arts-organizations.html"
"industries\assisted-living\index.html","industries\assisted-living.html"
"industries\auto-repair\index.html","industries\auto-repair.html"
"industries\automotive\index.html","industries\automotive.html"
"industries\bakeries\index.html","industries\bakeries.html"
"industries\beauty-salons\index.html","industries\beauty-salons.html"
"industries\breweries\index.html","industries\breweries.html"
"industries\builders-contractors\index.html","industries\builders-contractors.html"
"industries\car-dealerships\index.html","industries\car-dealerships.html"
"industries\car-detailing\index.html","industries\car-detailing.html"
"industries\car-washes\index.html","industries\car-washes.html"
"industries\catering\index.html","industries\catering.html"
"industries\child-care\index.html","industries\child-care.html"
"industries\chiropractors\index.html","industries\chiropractors.html"
"industries\cleaning-services\index.html","industries\cleaning-services.html"
"industries\clothing-ecommerce\index.html","industries\clothing-ecommerce.html"
"industries\collections\index.html","industries\collections.html"
"industries\community-organizations\index.html","industries\community-organizations.html"
"industries\construction-design\index.html","industries\construction-design.html"
"industries\consultants\index.html","industries\consultants.html"
"industries\courier-services\index.html","industries\courier-services.html"
"industries\dental-medical\index.html","industries\dental-medical.html"
"industries\dentists\index.html","industries\dentists.html"
"industries\dermatology\index.html","industries\dermatology.html"
"industries\dog-adoption\index.html","industries\dog-adoption.html"
"industries\driving-schools\index.html","industries\driving-schools.html"
"industries\ecommerce-stores\index.html","industries\ecommerce-stores.html"
"industries\electricians\index.html","industries\electricians.html"
"industries\equestrian\index.html","industries\equestrian.html"
"industries\esports\index.html","industries\esports.html"
"industries\event-venues\index.html","industries\event-venues.html"
"industries\fashion-boutiques\index.html","industries\fashion-boutiques.html"
"industries\fencing\index.html","industries\fencing.html"
"industries\festivals\index.html","industries\festivals.html"
"industries\financial-advisors\index.html","industries\financial-advisors.html"
"industries\fire-water-damage\index.html","industries\fire-water-damage.html"
"industries\fitness-gyms\index.html","industries\fitness-gyms.html"
"industries\flooring\index.html","industries\flooring.html"
"industries\food-trucks\index.html","industries\food-trucks.html"
"industries\franchise-multi-location\index.html","industries\franchise-multi-location.html"
"industries\furniture-stores\index.html","industries\furniture-stores.html"
"industries\gaming\index.html","industries\gaming.html"
"industries\garage-door-services\index.html","industries\garage-door-services.html"
"industries\glass-companies\index.html","industries\glass-companies.html"
"industries\golf-recreation\index.html","industries\golf-recreation.html"
"industries\hair-salons\index.html","industries\hair-salons.html"
"industries\hardware-stores\index.html","industries\hardware-stores.html"
"industries\home-care\index.html","industries\home-care.html"
"industries\home-decor\index.html","industries\home-decor.html"
"industries\home-inspections\index.html","industries\home-inspections.html"
"industries\home-services\index.html","industries\home-services.html"
"industries\hotels-hospitality\index.html","industries\hotels-hospitality.html"
"industries\hvac\index.html","industries\hvac.html"
"industries\industrial-services\index.html","industries\industrial-services.html"
"industries\insurance\index.html","industries\insurance.html"
"industries\interior-designers\index.html","industries\interior-designers.html"
"industries\investor-relations\index.html","industries\investor-relations.html"
"industries\it-services\index.html","industries\it-services.html"
"industries\janitorial-services\index.html","industries\janitorial-services.html"
"industries\jewelry-stores\index.html","industries\jewelry-stores.html"
"industries\kitchen-bath\index.html","industries\kitchen-bath.html"
"industries\landscaping\index.html","industries\landscaping.html"
"industries\law-firms\index.html","industries\law-firms.html"
"industries\lawn-care\index.html","industries\lawn-care.html"
"industries\local-retail\index.html","industries\local-retail.html"
"industries\locksmiths\index.html","industries\locksmiths.html"
"industries\logistics\index.html","industries\logistics.html"
"industries\machinery-movers\index.html","industries\machinery-movers.html"
"industries\managed-service-providers\index.html","industries\managed-service-providers.html"
"industries\manufacturing\index.html","industries\manufacturing.html"
"industries\marketing-agencies\index.html","industries\marketing-agencies.html"
"industries\martial-arts-schools\index.html","industries\martial-arts-schools.html"
"industries\med-spas\index.html","industries\med-spas.html"
"industries\mental-health-practices\index.html","industries\mental-health-practices.html"
"industries\motorcycle-dealers\index.html","industries\motorcycle-dealers.html"
"industries\moving-storage\index.html","industries\moving-storage.html"
"industries\nonprofits\index.html","industries\nonprofits.html"
"industries\optometrists\index.html","industries\optometrists.html"
"industries\packaging-retail\index.html","industries\packaging-retail.html"
"industries\painting-contractors\index.html","industries\painting-contractors.html"
"industries\parking-mobility\index.html","industries\parking-mobility.html"
"industries\personal-trainers\index.html","industries\personal-trainers.html"
"industries\pest-control\index.html","industries\pest-control.html"
"industries\pet-services\index.html","industries\pet-services.html"
"industries\photographers\index.html","industries\photographers.html"
"industries\physical-therapy\index.html","industries\physical-therapy.html"
"industries\plastic-surgery\index.html","industries\plastic-surgery.html"
"industries\plumbing\index.html","industries\plumbing.html"
"industries\pool-services\index.html","industries\pool-services.html"
"industries\printing-signage\index.html","industries\printing-signage.html"
"industries\private-investigators\index.html","industries\private-investigators.html"
"industries\real-estate\index.html","industries\real-estate.html"
"industries\recreational-vehicles\index.html","industries\recreational-vehicles.html"
"industries\remodeling\index.html","industries\remodeling.html"
"industries\restaurants\index.html","industries\restaurants.html"
"industries\restaurants-cafes\index.html","industries\restaurants-cafes.html"
"industries\restoration-companies\index.html","industries\restoration-companies.html"
"industries\roofing\index.html","industries\roofing.html"
"industries\saas-platforms\index.html","industries\saas-platforms.html"
"industries\schools-education\index.html","industries\schools-education.html"
"industries\security-companies\index.html","industries\security-companies.html"
"industries\senior-living\index.html","industries\senior-living.html"
"industries\software-companies\index.html","industries\software-companies.html"
"industries\solar-energy\index.html","industries\solar-energy.html"
"industries\specialty-practices\index.html","industries\specialty-practices.html"
"industries\sunglasses-eyewear\index.html","industries\sunglasses-eyewear.html"
"industries\tattoo-shops\index.html","industries\tattoo-shops.html"
"industries\tire-shops\index.html","industries\tire-shops.html"
"industries\towing\index.html","industries\towing.html"
"industries\transportation\index.html","industries\transportation.html"
"industries\tree-services\index.html","industries\tree-services.html"
"industries\trucking\index.html","industries\trucking.html"
"industries\tutoring-centers\index.html","industries\tutoring-centers.html"
"industries\urgent-care\index.html","industries\urgent-care.html"
"industries\veterinary-clinics\index.html","industries\veterinary-clinics.html"
"industries\videographers\index.html","industries\videographers.html"
"industries\water-utilities\index.html","industries\water-utilities.html"
"industries\wedding-services\index.html","industries\wedding-services.html"
"industries\wholesale-distributors\index.html","industries\wholesale-distributors.html"
"industries\window-door-companies\index.html","industries\window-door-companies.html"
"industries\yoga-studios\index.html","industries\yoga-studios.html"
"marketing\aeo\index.html","marketing\aeo.html"
"marketing\email-marketing\index.html","marketing\email-marketing.html"
"marketing\gmb\index.html","marketing\gmb.html"
"marketing\local-listings\index.html","marketing\local-listings.html"
"marketing\local-seo\index.html","marketing\local-seo.html"
"marketing\national-seo\index.html","marketing\national-seo.html"
"marketing\seo\index.html","marketing\seo.html"
"pricing\advertising\index.html","pricing\advertising.html"
"pricing\design\index.html","pricing\design.html"
"pricing\marketing\index.html","pricing\marketing.html"
"pricing\packages\index.html","pricing\packages.html"
"pricing\widgets\index.html","pricing\widgets.html"
