"File","Header","Footer","Logo","MainNav","Contact","Phone","FooterLinks"
"index.html","YES","YES","YES","YES","YES","NO","NO"
"pages\about-about-us.html","YES","YES","YES","YES","YES","NO","NO"
"pages\about-blog-3-tasks-that-help-build-your-digital-marketing-portfolio.html","YES","YES","YES","YES","YES","NO","NO"
"pages\about-blog-4-things-that-will-increase-the-load-times-of-your-website.html","YES","YES","YES","YES","YES","NO","YES"
"pages\about-blog-5-saas-companies-your-business-should-know-about.html","YES","YES","YES","YES","YES","NO","NO"
"pages\about-blog-5-tips-for-making-your-business-virtual.html","YES","YES","YES","YES","YES","NO","NO"
"pages\about-blog-5-ways-your-business-data-is-at-risk.html","YES","YES","YES","YES","YES","NO","NO"
"pages\about-blog-5-ways-your-web-design-impacts-your-seo.html","YES","YES","YES","YES","YES","NO","NO"
"pages\about-blog-a-video-review-by-laura-belgrave.html","YES","YES","YES","YES","YES","NO","NO"
"pages\about-blog-advertising-methods-that-can-be-powerful-drivers-of-success.html","YES","YES","YES","YES","YES","NO","NO"
"pages\about-blog-common-misunderstandings-businesses-have-about-marketing.html","YES","YES","YES","YES","YES","NO","NO"
"pages\about-blog-common-threats-you-need-to-protect-your-website-against.html","YES","YES","YES","YES","YES","NO","NO"
"pages\about-blog-creative-outdoor-advertising-methods-you-shouldn-t-miss-out-on.html","YES","YES","YES","YES","YES","NO","NO"
"pages\about-blog-domain-names-101.html","YES","YES","YES","YES","YES","NO","NO"
"pages\about-blog-features-that-will-help-you-market-your-restaurant-business.html","YES","YES","YES","YES","YES","NO","NO"
"pages\about-blog-find-your-perfect-match-best-ai-software-for-small-businesses.html","YES","YES","YES","YES","YES","NO","NO"
"pages\about-blog-gain-exposure-for-your-business-with-mapquest-business-listing.html","YES","YES","YES","YES","YES","NO","NO"
"pages\about-blog-google-adwords-vs-facebook-ads.html","YES","YES","YES","YES","YES","NO","NO"
"pages\about-blog-how-aged-domains-rank-within-search-engines.html","YES","YES","YES","YES","YES","NO","NO"
"pages\about-blog-how-customer-service-touches-every-aspect-of-your-business.html","YES","YES","YES","YES","YES","NO","YES"
"pages\about-blog-how-effective-is-live-chat-on-your-website.html","YES","YES","YES","YES","YES","NO","NO"
"pages\about-blog-how-information-technology-can-assist-with-online-business-success.html","YES","YES","YES","YES","YES","NO","NO"
"pages\about-blog-how-local-businesses-can-get-the-word-out-about-their-brands.html","YES","YES","YES","YES","YES","NO","NO"
"pages\about-blog-how-small-businesses-can-protect-themselves-from-fraud.html","YES","YES","YES","YES","YES","NO","NO"
"pages\about-blog-how-to-achieve-a-greater-roi-on-your-marketing-campaign.html","YES","YES","YES","YES","YES","NO","NO"
"pages\about-blog-how-to-become-a-better-problem-solver-in-your-business.html","YES","YES","YES","YES","YES","NO","NO"
"pages\about-blog-how-to-build-a-solid-reputation-through-your-marketing-strategy.html","YES","YES","YES","YES","YES","NO","NO"
"pages\about-blog-how-to-connect-with-your-customers-and-form-lasting-relationships.html","YES","YES","YES","YES","YES","NO","NO"
"pages\about-blog-how-to-earn-the-trust-of-your-customers.html","YES","YES","YES","YES","YES","NO","NO"
"pages\about-blog-how-to-get-a-higher-roi-on-your-advertising.html","YES","YES","YES","YES","YES","NO","NO"
"pages\about-blog-how-to-get-the-exposure-you-need-for-your-website.html","YES","YES","YES","YES","YES","NO","NO"
"pages\about-blog-how-to-make-content-your-customers-will-be-excited-to-read.html","YES","YES","YES","YES","YES","NO","NO"
"pages\about-blog-how-to-market-your-restaurant-on-social-media.html","YES","YES","YES","YES","YES","NO","NO"
"pages\about-blog-how-to-turn-your-law-practice-into-a-household-name-locally.html","YES","YES","YES","YES","YES","NO","YES"
"pages\about-blog-how-to-turn-your-leads-into-reliable-customers.html","YES","YES","YES","YES","YES","NO","NO"
"pages\about-blog-how-your-company-can-dominate-a-keyword-on-google.html","YES","YES","YES","YES","YES","NO","NO"
"pages\about-blog-i-have-a-business-website-now-what.html","YES","YES","YES","YES","YES","NO","NO"
"pages\about-blog-is-wordpress-really-the-best-for-your-business.html","YES","YES","YES","YES","YES","NO","NO"
"pages\about-blog-local-seo-best-practices-for-2019-12-things-you-must-know.html","YES","YES","YES","YES","YES","NO","YES"
"pages\about-blog-marketing-channels-you-can-t-ignore.html","YES","YES","YES","YES","YES","NO","NO"
"pages\about-blog-marketing-strategies-you-should-be-using-more.html","YES","YES","YES","YES","YES","NO","NO"
"pages\about-blog-online-video-platforms-every-business-should-be-using.html","YES","YES","YES","YES","YES","NO","NO"
"pages\about-blog-personalize-your-website-and-increase-your-business-with-insite.html","YES","YES","YES","YES","YES","NO","NO"
"pages\about-blog-responsive-websites-success.html","YES","YES","YES","YES","YES","NO","NO"
"pages\about-blog-signs-that-your-business-is-stuck-in-the-past.html","YES","YES","YES","YES","YES","NO","NO"
"pages\about-blog-the-battle-of-the-ads-google-vs-bing.html","YES","YES","YES","YES","YES","NO","YES"
"pages\about-blog-the-importance-of-social-media-for-your-business.html","YES","YES","YES","YES","YES","NO","NO"
"pages\about-blog-tips-for-encouraging-people-to-return-to-your-website.html","YES","YES","YES","YES","YES","NO","NO"
"pages\about-blog-website-features-you-can-t-be-without.html","YES","YES","YES","YES","YES","NO","NO"
"pages\about-blog-website-personalization-and-why-is-it-so-important.html","YES","YES","YES","YES","YES","NO","NO"
"pages\about-blog-what-customers-value-most-in-a-business.html","YES","YES","YES","YES","YES","NO","NO"
"pages\about-blog-what-is-seo-and-why-does-it-matter.html","YES","YES","YES","YES","YES","NO","YES"
"pages\about-blog-what-to-know-before-you-partner-with-another-business-to-offer-deals.html","YES","YES","YES","YES","YES","NO","NO"
"pages\about-blog-what-types-of-outdoor-advertising-should-you-be-using.html","YES","YES","YES","YES","YES","NO","NO"
"pages\about-blog-what-you-need-to-keep-in-mind-when-building-a-new-website.html","YES","YES","YES","YES","YES","NO","NO"
"pages\about-blog-why-email-marketing-is-still-important.html","YES","YES","YES","YES","YES","NO","NO"
"pages\about-blog-why-java-is-the-language-to-learn-for-digital-marketers.html","YES","YES","YES","YES","YES","NO","NO"
"pages\about-blog-why-you-need-to-be-an-expert-in-digital-marketing.html","YES","YES","YES","YES","YES","NO","NO"
"pages\about-blog.html","YES","YES","YES","YES","YES","NO","NO"
"pages\about-faq.html","YES","YES","YES","YES","YES","NO","NO"
"pages\about-how-to-videos.html","YES","YES","YES","YES","YES","NO","NO"
"pages\about-login.html","YES","YES","YES","YES","YES","NO","NO"
"pages\about-portfolio-360-sales-advantage.html","YES","YES","YES","YES","YES","NO","NO"
"pages\about-portfolio-a-breed-apart-papillons.html","YES","YES","YES","YES","YES","NO","NO"
"pages\about-portfolio-a-california-driving-school.html","YES","YES","YES","YES","YES","NO","NO"
"pages\about-portfolio-a-dog-s-day-out.html","YES","YES","YES","YES","YES","NO","NO"
"pages\about-portfolio-a-pup-s-valley.html","YES","YES","YES","YES","YES","NO","NO"
"pages\about-portfolio-abdul-electric.html","YES","YES","YES","YES","YES","NO","NO"
"pages\about-portfolio-absolute-home-care.html","YES","YES","YES","YES","YES","NO","NO"
"pages\about-portfolio-absolute-pest-control-services.html","YES","YES","YES","YES","YES","NO","NO"
"pages\about-portfolio-ace-pet-services.html","YES","YES","YES","YES","YES","NO","NO"
"pages\about-portfolio-aces-driving-school.html","YES","YES","YES","YES","YES","NO","NO"
"pages\about-portfolio-advanced-business-systems.html","YES","YES","YES","YES","YES","NO","NO"
"pages\about-portfolio-aid-the-children.html","YES","YES","YES","YES","YES","NO","NO"
"pages\about-portfolio-air-techs-hvac.html","YES","YES","YES","YES","YES","NO","NO"
"pages\about-portfolio-all-concrete-works-landscaping.html","YES","YES","YES","YES","YES","NO","NO"
"pages\about-portfolio-all-go-transportation.html","YES","YES","YES","YES","YES","NO","NO"
"pages\about-portfolio-all-star-pizza.html","YES","YES","YES","YES","YES","NO","NO"
"pages\about-portfolio-alta-partners.html","YES","YES","YES","YES","YES","NO","NO"
"pages\about-portfolio-american-sewer.html","YES","YES","YES","YES","YES","NO","NO"
"pages\about-portfolio-andree-hudson-art.html","YES","YES","YES","YES","YES","NO","NO"
"pages\about-portfolio-apex-denver-locksmith.html","YES","YES","YES","YES","YES","NO","NO"
"pages\about-portfolio-ariana-waterfall.html","YES","YES","YES","YES","YES","NO","NO"
"pages\about-portfolio-aspire-counseling.html","YES","YES","YES","YES","YES","NO","NO"
"pages\about-portfolio-aspire-hope-for-kids.html","YES","YES","YES","YES","YES","NO","NO"
"pages\about-portfolio-atlee-care.html","YES","YES","YES","YES","YES","NO","NO"
"pages\about-portfolio-axel-medical-transportation.html","YES","YES","YES","YES","YES","NO","NO"
"pages\about-portfolio-ay-home-health-care.html","YES","YES","YES","YES","YES","NO","NO"
"pages\about-portfolio-barbarians-cave-surf.html","YES","YES","YES","YES","YES","NO","NO"
"pages\about-portfolio-barner-moving.html","YES","YES","YES","YES","YES","NO","NO"
"pages\about-portfolio-bayou-solar.html","YES","YES","YES","YES","YES","NO","NO"
"pages\about-portfolio-beltway-home-inspections.html","YES","YES","YES","YES","YES","NO","NO"
"pages\about-portfolio-benefits-matter.html","YES","YES","YES","YES","YES","NO","NO"
"pages\about-portfolio-board-game-republic.html","YES","YES","YES","YES","YES","NO","NO"
"pages\about-portfolio-brick-house-salon.html","YES","YES","YES","YES","YES","NO","NO"
"pages\about-portfolio-bruno-jambor.html","YES","YES","YES","YES","YES","NO","NO"
"pages\about-portfolio-budget-control-services.html","YES","YES","YES","YES","YES","NO","NO"
"pages\about-portfolio-building-better-transit.html","YES","YES","YES","YES","YES","NO","NO"
"pages\about-portfolio-callahan-hayes.html","YES","YES","YES","YES","YES","NO","NO"
"pages\about-portfolio-carie-s-posing-suits.html","YES","YES","YES","YES","YES","NO","NO"
"pages\about-portfolio-cass-and-company-salon.html","YES","YES","YES","YES","YES","NO","NO"
"pages\about-portfolio-castle-rock.html","YES","YES","YES","YES","YES","NO","NO"
"pages\about-portfolio-century-tire-inc.html","YES","YES","YES","YES","YES","NO","NO"
"pages\about-portfolio-christy-root-designs.html","YES","YES","YES","YES","YES","NO","NO"
"pages\about-portfolio-chutney-indian-cuisine.html","YES","YES","YES","YES","YES","NO","NO"
"pages\about-portfolio-coastal-homes.html","YES","YES","YES","YES","YES","NO","NO"
"pages\about-portfolio-college-planning-coach.html","YES","YES","YES","YES","YES","NO","NO"
"pages\about-portfolio-colorado-creditor-bar-association.html","YES","YES","YES","YES","YES","NO","NO"
"pages\about-portfolio-cowest-durango.html","YES","YES","YES","YES","YES","NO","NO"
"pages\about-portfolio-cowest-insurance-group.html","YES","YES","YES","YES","YES","NO","NO"
"pages\about-portfolio-cowest-insurance-service.html","YES","YES","YES","YES","YES","NO","NO"
"pages\about-portfolio-crest-pest-control.html","YES","YES","YES","YES","YES","NO","NO"
"pages\about-portfolio-ct-gasket.html","YES","YES","YES","YES","YES","NO","NO"
"pages\about-portfolio-curved-glass-creations.html","YES","YES","YES","YES","YES","NO","NO"
"pages\about-portfolio-d-and-d-machinery-movers.html","YES","YES","YES","YES","YES","NO","NO"
"pages\about-portfolio-dads-of-parker.html","YES","YES","YES","YES","YES","NO","NO"
"pages\about-portfolio-deannas-papillons.html","YES","YES","YES","YES","YES","NO","NO"
"pages\about-portfolio-dental-arts.html","YES","YES","YES","YES","YES","NO","NO"
"pages\about-portfolio-dental-sleep-medicine-cranio-facial-pain.html","YES","YES","YES","YES","YES","NO","NO"
"pages\about-portfolio-dental-sleep-medicine.html","YES","YES","YES","YES","YES","NO","NO"
"pages\about-portfolio-denver-issa.html","YES","YES","YES","YES","YES","NO","NO"
"pages\about-portfolio-denver-s-best-heating.html","YES","YES","YES","YES","YES","NO","NO"
"pages\about-portfolio-denver-sign-factory.html","YES","YES","YES","YES","YES","NO","NO"
"pages\about-portfolio-denver-towing.html","YES","YES","YES","YES","YES","NO","NO"
"pages\about-portfolio-desert-empire.html","YES","YES","YES","YES","YES","NO","NO"
"pages\about-portfolio-dominion-craftsman-services.html","YES","YES","YES","YES","YES","NO","NO"
"pages\about-portfolio-driving-instructor-classes.html","YES","YES","YES","YES","YES","NO","NO"
"pages\about-portfolio-dss-by-kat.html","YES","YES","YES","YES","YES","NO","NO"
"pages\about-portfolio-dww.html","YES","YES","YES","YES","YES","NO","NO"
"pages\about-portfolio-e-sports-foundation.html","YES","YES","YES","YES","YES","NO","NO"
"pages\about-portfolio-ebony-equines.html","YES","YES","YES","YES","YES","NO","NO"
"pages\about-portfolio-ed-prevost.html","YES","YES","YES","YES","YES","NO","NO"
"pages\about-portfolio-edmotnton-heritage-festival.html","YES","YES","YES","YES","YES","NO","NO"
"pages\about-portfolio-einstein-plumbing.html","YES","YES","YES","YES","YES","NO","NO"
"pages\about-portfolio-emergency-locksmith-denver.html","YES","YES","YES","YES","YES","NO","NO"
"pages\about-portfolio-empathy-care.html","YES","YES","YES","YES","YES","NO","NO"
"pages\about-portfolio-epic-ivy.html","YES","YES","YES","YES","YES","NO","NO"
"pages\about-portfolio-epleyer.html","YES","YES","YES","YES","YES","NO","NO"
"pages\about-portfolio-esports-epleyer.html","YES","YES","YES","YES","YES","NO","NO"
"pages\about-portfolio-evans-legal-group.html","YES","YES","YES","YES","YES","NO","NO"
"pages\about-portfolio-express-shipping-room-supply.html","YES","YES","YES","YES","YES","NO","NO"
"pages\about-portfolio-extreme-autoworks.html","YES","YES","YES","YES","YES","NO","NO"
"pages\about-portfolio-finding-the-fantastic.html","YES","YES","YES","YES","YES","NO","NO"
"pages\about-portfolio-fine-arts-movement.html","YES","YES","YES","YES","YES","NO","NO"
"pages\about-portfolio-firm-group.html","YES","YES","YES","YES","YES","NO","NO"
"pages\about-portfolio-fr-bumper-solutions.html","YES","YES","YES","YES","YES","NO","NO"
"pages\about-portfolio-frameless-shower-door.html","YES","YES","YES","YES","YES","NO","NO"
"pages\about-portfolio-front-range-dentures.html","YES","YES","YES","YES","YES","NO","NO"
"pages\about-portfolio-future-grasp.html","YES","YES","YES","YES","YES","NO","NO"
"pages\about-portfolio-g-g-driving-school.html","YES","YES","YES","YES","YES","NO","NO"
"pages\about-portfolio-gangle-law-firm.html","YES","YES","YES","YES","YES","NO","NO"
"pages\about-portfolio-genius-coaching.html","YES","YES","YES","YES","YES","NO","NO"
"pages\about-portfolio-ghost-town-fitness.html","YES","YES","YES","YES","YES","NO","NO"
"pages\about-portfolio-glass-act.html","YES","YES","YES","YES","YES","NO","NO"
"pages\about-portfolio-good-water.html","YES","YES","YES","YES","YES","NO","NO"
"pages\about-portfolio-granite-state-labradoodles.html","YES","YES","YES","YES","YES","NO","NO"
"pages\about-portfolio-great-escape.html","YES","YES","YES","YES","YES","NO","NO"
"pages\about-portfolio-great-west-restoration-colorado-agent.html","YES","YES","YES","YES","YES","NO","NO"
"pages\about-portfolio-grin-barrett-charity-ride.html","YES","YES","YES","YES","YES","NO","NO"
"pages\about-portfolio-has-tag-lab.html","YES","YES","YES","YES","YES","NO","NO"
"pages\about-portfolio-haveli-indian-cuisine.html","YES","YES","YES","YES","YES","NO","NO"
"pages\about-portfolio-hebert-investigations.html","YES","YES","YES","YES","YES","NO","NO"
"pages\about-portfolio-heritage-roofing.html","YES","YES","YES","YES","YES","NO","NO"
"pages\about-portfolio-hi-dessert-egg.html","YES","YES","YES","YES","YES","NO","NO"
"pages\about-portfolio-home-pro-chesapeake.html","YES","YES","YES","YES","YES","NO","NO"
"pages\about-portfolio-homeland-driving-school-cavco-enterprises-inc.html","YES","YES","YES","YES","YES","NO","NO"
"pages\about-portfolio-housesketch.html","YES","YES","YES","YES","YES","NO","NO"
"pages\about-portfolio-houston-energy-systems.html","YES","YES","YES","YES","YES","NO","NO"
"pages\about-portfolio-humbold-couty-fair.html","YES","YES","YES","YES","YES","NO","NO"
"pages\about-portfolio-hydro-dynamics.html","YES","YES","YES","YES","YES","NO","NO"
"pages\about-portfolio-idt.html","YES","YES","YES","YES","YES","NO","NO"
"pages\about-portfolio-implant-excellence.html","YES","YES","YES","YES","YES","NO","NO"
"pages\about-portfolio-inland-valley-driving-school.html","YES","YES","YES","YES","YES","NO","NO"
"pages\about-portfolio-inquiz-inspections.html","YES","YES","YES","YES","YES","NO","NO"
"pages\about-portfolio-insightifi.html","YES","YES","YES","YES","YES","NO","NO"
"pages\about-portfolio-integration-design.html","YES","YES","YES","YES","YES","NO","NO"
"pages\about-portfolio-ironside-capital.html","YES","YES","YES","YES","YES","NO","NO"
"pages\about-portfolio-island-slider-guy.html","YES","YES","YES","YES","YES","NO","NO"
"pages\about-portfolio-jack-lewis.html","YES","YES","YES","YES","YES","NO","NO"
"pages\about-portfolio-jk-hatcher-homes.html","YES","YES","YES","YES","YES","NO","NO"
"pages\about-portfolio-karma-tour-hawaii.html","YES","YES","YES","YES","YES","NO","NO"
"pages\about-portfolio-kasco-hvac.html","YES","YES","YES","YES","YES","NO","NO"
"pages\about-portfolio-kenyon-homecare-consulting.html","YES","YES","YES","YES","YES","NO","NO"
"pages\about-portfolio-kinetico-denver.html","YES","YES","YES","YES","YES","NO","NO"
"pages\about-portfolio-kramarz-law.html","YES","YES","YES","YES","YES","NO","NO"
"pages\about-portfolio-lake-elsinore-driving-school.html","YES","YES","YES","YES","YES","NO","NO"
"pages\about-portfolio-liberty-lake-smile-source.html","YES","YES","YES","YES","YES","NO","NO"
"pages\about-portfolio-light-of-mine.html","YES","YES","YES","YES","YES","NO","NO"
"pages\about-portfolio-linda-wang.html","YES","YES","YES","YES","YES","NO","NO"
"pages\about-portfolio-little-caesars-pueblo.html","YES","YES","YES","YES","YES","NO","NO"
"pages\about-portfolio-lower-lake-ranch.html","YES","YES","YES","YES","YES","NO","NO"
"pages\about-portfolio-m-communications.html","YES","YES","YES","YES","YES","NO","NO"
"pages\about-portfolio-manor-house-apartments.html","YES","YES","YES","YES","YES","NO","NO"
"pages\about-portfolio-master-craft.html","YES","YES","YES","YES","YES","NO","NO"
"pages\about-portfolio-mdt-transit.html","YES","YES","YES","YES","YES","NO","NO"
"pages\about-portfolio-meadow-hills.html","YES","YES","YES","YES","YES","NO","NO"
"pages\about-portfolio-meditouch.html","YES","YES","YES","YES","YES","NO","NO"
"pages\about-portfolio-mehak-denver.html","YES","YES","YES","YES","YES","NO","NO"
"pages\about-portfolio-mehak-india-s-aroma.html","YES","YES","YES","YES","YES","NO","NO"
"pages\about-portfolio-menifee-driving-school.html","YES","YES","YES","YES","YES","NO","NO"
"pages\about-portfolio-midwest-appliance-and-hvac.html","YES","YES","YES","YES","YES","NO","NO"
"pages\about-portfolio-mile-high-books.html","YES","YES","YES","YES","YES","NO","NO"
"pages\about-portfolio-mindful-minds-psychiatry.html","YES","YES","YES","YES","YES","NO","NO"
"pages\about-portfolio-mississippi-valley-fair.html","YES","YES","YES","YES","YES","NO","NO"
"pages\about-portfolio-miyazaki-dental.html","YES","YES","YES","YES","YES","NO","NO"
"pages\about-portfolio-molly-mulligan.html","YES","YES","YES","YES","YES","NO","NO"
"pages\about-portfolio-mountain-peak-law-group-llc.html","YES","YES","YES","YES","YES","NO","NO"
"pages\about-portfolio-mountain-west-law-group.html","YES","YES","YES","YES","YES","NO","NO"
"pages\about-portfolio-mrad.html","YES","YES","YES","YES","YES","NO","NO"
"pages\about-portfolio-murrieta-driving-school.html","YES","YES","YES","YES","YES","NO","NO"
"pages\about-portfolio-niagra-designs.html","YES","YES","YES","YES","YES","NO","NO"
"pages\about-portfolio-nirvana-indian-cuisine.html","YES","YES","YES","YES","YES","NO","NO"
"pages\about-portfolio-nola-water.html","YES","YES","YES","YES","YES","NO","NO"
"pages\about-portfolio-obairagency.html","YES","YES","YES","YES","YES","NO","NO"
"pages\about-portfolio-okunade.html","YES","YES","YES","YES","YES","NO","NO"
"pages\about-portfolio-onestop-home-health-care.html","YES","YES","YES","YES","YES","NO","NO"
"pages\about-portfolio-optimal-homecare.html","YES","YES","YES","YES","YES","NO","NO"
"pages\about-portfolio-optimal-hospice.html","YES","YES","YES","YES","YES","NO","NO"
"pages\about-portfolio-palm-bay-power-equipment.html","YES","YES","YES","YES","YES","NO","NO"
"pages\about-portfolio-pantera-homes.html","YES","YES","YES","YES","YES","NO","NO"
"pages\about-portfolio-parking-payment-validation-reservations.html","YES","YES","YES","YES","YES","NO","NO"
"pages\about-portfolio-parkingboxx.html","YES","YES","YES","YES","YES","NO","NO"
"pages\about-portfolio-partner-forces.html","YES","YES","YES","YES","YES","NO","NO"
"pages\about-portfolio-paw-power-agility-equipment.html","YES","YES","YES","YES","YES","NO","NO"
"pages\about-portfolio-peace-of-mind-pest-services.html","YES","YES","YES","YES","YES","NO","NO"
"pages\about-portfolio-peakview-dental.html","YES","YES","YES","YES","YES","NO","NO"
"pages\about-portfolio-perthes.html","YES","YES","YES","YES","YES","NO","NO"
"pages\about-portfolio-pest-magic.html","YES","YES","YES","YES","YES","NO","NO"
"pages\about-portfolio-phase-contracting.html","YES","YES","YES","YES","YES","NO","NO"
"pages\about-portfolio-photophobic-society-of-america.html","YES","YES","YES","YES","YES","NO","NO"
"pages\about-portfolio-platinum-registration.html","YES","YES","YES","YES","YES","NO","NO"
"pages\about-portfolio-pompano-glass.html","YES","YES","YES","YES","YES","NO","NO"
"pages\about-portfolio-pork-chop-s-truck-and-auto.html","YES","YES","YES","YES","YES","NO","NO"
"pages\about-portfolio-pride-swagger.html","YES","YES","YES","YES","YES","NO","NO"
"pages\about-portfolio-prosthoodontic-dentures.html","YES","YES","YES","YES","YES","NO","NO"
"pages\about-portfolio-redline-construction.html","YES","YES","YES","YES","YES","NO","NO"
"pages\about-portfolio-roof-ready.html","YES","YES","YES","YES","YES","NO","NO"
"pages\about-portfolio-roots-brew.html","YES","YES","YES","YES","YES","NO","NO"
"pages\about-portfolio-rostron-dental.html","YES","YES","YES","YES","YES","NO","NO"
"pages\about-portfolio-sage-restaurant.html","YES","YES","YES","YES","YES","NO","NO"
"pages\about-portfolio-salinas-valley-fair.html","YES","YES","YES","YES","YES","NO","NO"
"pages\about-portfolio-signal-driving-traffic-schools.html","YES","YES","YES","YES","YES","NO","NO"
"pages\about-portfolio-skin-care-essentials.html","YES","YES","YES","YES","YES","NO","NO"
"pages\about-portfolio-smart-cell-phone-parts.html","YES","YES","YES","YES","YES","NO","NO"
"pages\about-portfolio-smart-wireless-parts.html","YES","YES","YES","YES","YES","NO","NO"
"pages\about-portfolio-southhall-investments.html","YES","YES","YES","YES","YES","NO","NO"
"pages\about-portfolio-speak-clear-communications.html","YES","YES","YES","YES","YES","NO","NO"
"pages\about-portfolio-spector-law.html","YES","YES","YES","YES","YES","NO","NO"
"pages\about-portfolio-spring-fresh.html","YES","YES","YES","YES","YES","NO","NO"
"pages\about-portfolio-stanleyview-home-care.html","YES","YES","YES","YES","YES","NO","NO"
"pages\about-portfolio-stephanie-ascari.html","YES","YES","YES","YES","YES","NO","NO"
"pages\about-portfolio-style-savy-designs.html","YES","YES","YES","YES","YES","NO","NO"
"pages\about-portfolio-sukoon.html","YES","YES","YES","YES","YES","NO","NO"
"pages\about-portfolio-summit-graphics.html","YES","YES","YES","YES","YES","NO","NO"
"pages\about-portfolio-sunday-driving-school.html","YES","YES","YES","YES","YES","NO","NO"
"pages\about-portfolio-superior-showers.html","YES","YES","YES","YES","YES","NO","NO"
"pages\about-portfolio-sushi-co.html","YES","YES","YES","YES","YES","NO","NO"
"pages\about-portfolio-tadka-indian-cuisine.html","YES","YES","YES","YES","YES","NO","NO"
"pages\about-portfolio-tala-wellness.html","YES","YES","YES","YES","YES","NO","NO"
"pages\about-portfolio-temecula-driving-school.html","YES","YES","YES","YES","YES","NO","NO"
"pages\about-portfolio-the-executive-center.html","YES","YES","YES","YES","YES","NO","NO"
"pages\about-portfolio-the-point.html","YES","YES","YES","YES","YES","NO","NO"
"pages\about-portfolio-the-smilist.html","YES","YES","YES","YES","YES","NO","NO"
"pages\about-portfolio-thompson-water-media.html","YES","YES","YES","YES","YES","NO","NO"
"pages\about-portfolio-tipping-hat.html","YES","YES","YES","YES","YES","NO","NO"
"pages\about-portfolio-total-wellness-group.html","YES","YES","YES","YES","YES","NO","NO"
"pages\about-portfolio-treasure-valley-driving-school.html","YES","YES","YES","YES","YES","NO","NO"
"pages\about-portfolio-trevey.html","YES","YES","YES","YES","YES","NO","NO"
"pages\about-portfolio-tropical-remodel-solutions.html","YES","YES","YES","YES","YES","NO","NO"
"pages\about-portfolio-turf-magic.html","YES","YES","YES","YES","YES","NO","NO"
"pages\about-portfolio-us-green.html","YES","YES","YES","YES","YES","NO","NO"
"pages\about-portfolio-vacation-rentals.html","YES","YES","YES","YES","YES","NO","NO"
"pages\about-portfolio-vi-talderm-md.html","YES","YES","YES","YES","YES","NO","NO"
"pages\about-portfolio-vip-driving-schools.html","YES","YES","YES","YES","YES","NO","NO"
"pages\about-portfolio-wake-heating-and-air.html","YES","YES","YES","YES","YES","NO","NO"
"pages\about-portfolio-washington-dental.html","YES","YES","YES","YES","YES","NO","NO"
"pages\about-portfolio-way-cool-gaming.html","YES","YES","YES","YES","YES","NO","NO"
"pages\about-portfolio-winston-c-throgmorton.html","YES","YES","YES","YES","YES","NO","NO"
"pages\about-portfolio-your-college-planning-coach.html","YES","YES","YES","YES","YES","NO","NO"
"pages\about-portfolio-yuma-airshow.html","YES","YES","YES","YES","YES","NO","NO"
"pages\about-portfolio-z-xg.html","YES","YES","YES","YES","YES","NO","NO"
"pages\about-portfolio-zaika-broomfield.html","YES","YES","YES","YES","YES","NO","NO"
"pages\about-portfolio-zaika-castle-rock.html","YES","YES","YES","YES","YES","NO","NO"
"pages\about-portfolio-zaika-colorado-springs.html","YES","YES","YES","YES","YES","NO","NO"
"pages\about-portfolio-zaika-express.html","YES","YES","YES","YES","YES","NO","NO"
"pages\about-portfolio-zaika-indian-cuisine.html","YES","YES","YES","YES","YES","NO","NO"
"pages\about-portfolio-zaika-littleton.html","YES","YES","YES","YES","YES","NO","NO"
"pages\about-portfolio.html","YES","YES","YES","YES","YES","NO","NO"
"pages\about-website-knowledge-base-dashboard-and-account-overview-account-dashboard.html","YES","YES","YES","YES","YES","NO","NO"
"pages\about-website-knowledge-base-dashboard-and-account-overview-account-settings.html","YES","YES","YES","YES","YES","NO","NO"
"pages\about-website-knowledge-base-dashboard-and-account-overview-export-site-list-to-csv.html","YES","YES","YES","YES","YES","NO","NO"
"pages\about-website-knowledge-base-dashboard-and-account-overview-save-views-of-site-list.html","YES","YES","YES","YES","YES","NO","NO"
"pages\about-website-knowledge-base-dashboard-and-account-overview-site-dashboard-site-audit.html","YES","YES","YES","YES","YES","NO","NO"
"pages\about-website-knowledge-base-dashboard-and-account-overview-site-dashboard.html","YES","YES","YES","YES","YES","NO","NO"
"pages\about-website-knowledge-base-native-ecommerce-bookings-bookings-overview.html","YES","YES","YES","YES","YES","NO","NO"
"pages\about-website-knowledge-base-native-ecommerce-bookings-manage-bookings.html","YES","YES","YES","YES","YES","NO","NO"
"pages\about-website-knowledge-base-native-ecommerce-bookings-set-up-bookings.html","YES","YES","YES","YES","YES","NO","NO"
"pages\about-website-knowledge-base-native-ecommerce-customer-management-abandoned-carts-in-native-store.html","YES","YES","YES","YES","YES","NO","NO"
"pages\about-website-knowledge-base-native-ecommerce-customer-management-native-store-emails.html","YES","YES","YES","YES","YES","NO","NO"
"pages\about-website-knowledge-base-native-ecommerce-customer-management-site-contacts-in-native-store.html","YES","YES","YES","YES","YES","NO","NO"
"pages\about-website-knowledge-base-native-ecommerce-payment-taxes-and-orders-orders-in-native-store.html","YES","YES","YES","YES","YES","NO","NO"
"pages\about-website-knowledge-base-native-ecommerce-payment-taxes-and-orders-payment-in-native-store.html","YES","YES","YES","YES","YES","NO","NO"
"pages\about-website-knowledge-base-native-ecommerce-payment-taxes-and-orders-taxes-in-native-store.html","YES","YES","YES","YES","YES","NO","NO"
"pages\about-website-knowledge-base-native-ecommerce-products-and-services-google-merchant-center-for-native-store.html","YES","YES","YES","YES","YES","NO","NO"
"pages\about-website-knowledge-base-native-ecommerce-products-and-services-import-export-and-update-products-in-native-store.html","YES","YES","YES","YES","YES","NO","NO"
"pages\about-website-knowledge-base-native-ecommerce-products-and-services-products-in-native-store.html","YES","YES","YES","YES","YES","NO","NO"
"pages\about-website-knowledge-base-native-ecommerce-products-and-services-subscriptions-in-native-store.html","YES","YES","YES","YES","YES","NO","NO"
"pages\about-website-knowledge-base-native-ecommerce-shipping-pickup-and-delivery-shipping-and-pickup-in-native-store.html","YES","YES","YES","YES","YES","NO","NO"
"pages\about-website-knowledge-base-native-ecommerce-store-set-up-and-overview-add-or-remove-native-store.html","YES","YES","YES","YES","YES","NO","NO"
"pages\about-website-knowledge-base-native-ecommerce-store-set-up-and-overview-how-do-i-know-if-i-am-using-native-ecommerce-or-third-party-ecommerce.html","YES","YES","YES","YES","YES","NO","NO"
"pages\about-website-knowledge-base-native-ecommerce-store-set-up-and-overview-how-to-create-an-online-store-with-native-ecommerce.html","YES","YES","YES","YES","YES","NO","NO"
"pages\about-website-knowledge-base-native-ecommerce-store-set-up-and-overview-native-ecommerce-and-third-party-ecommerce-comparison.html","YES","YES","YES","YES","YES","NO","NO"
"pages\about-website-knowledge-base-native-ecommerce-store-set-up-and-overview-native-store-business-information.html","YES","YES","YES","YES","YES","NO","NO"
"pages\about-website-knowledge-base-native-ecommerce-store-set-up-and-overview-native-store-overview.html","YES","YES","YES","YES","YES","NO","NO"
"pages\about-website-knowledge-base-third-party-ecommerce-add-and-manage-products-or-services-add-and-edit-products-in-the-store-third-party-store.html","YES","YES","YES","YES","YES","NO","NO"
"pages\about-website-knowledge-base-third-party-ecommerce-add-and-manage-products-or-services-add-and-manage-products-or-services.html","YES","YES","YES","YES","YES","NO","NO"
"pages\about-website-knowledge-base-third-party-ecommerce-add-and-manage-products-or-services-import-products-faqs-and-troubleshooting-third-party-store.html","YES","YES","YES","YES","YES","NO","NO"
"pages\about-website-knowledge-base-third-party-ecommerce-add-and-manage-products-or-services-import-products-to-your-store-third-party-store.html","YES","YES","YES","YES","YES","NO","NO"
"pages\about-website-knowledge-base-third-party-ecommerce-add-and-manage-products-or-services-lowest-product-price-before-discounting-third-party-store.html","YES","YES","YES","YES","YES","NO","NO"
"pages\about-website-knowledge-base-third-party-ecommerce-add-and-manage-products-or-services-product-options-third-party-store.html","YES","YES","YES","YES","YES","NO","NO"
"pages\about-website-knowledge-base-third-party-ecommerce-manage-customers-add-a-store-login-third-party-store.html","YES","YES","YES","YES","YES","NO","NO"
"pages\about-website-knowledge-base-third-party-ecommerce-manage-customers-customer-groups-third-party-store.html","YES","YES","YES","YES","YES","NO","NO"
"pages\about-website-knowledge-base-third-party-ecommerce-manage-customers-email-notifications-third-party-store.html","YES","YES","YES","YES","YES","NO","NO"
"pages\about-website-knowledge-base-third-party-ecommerce-manage-customers-request-customer-approval-for-promo-emails-third-party-store.html","YES","YES","YES","YES","YES","NO","NO"
"pages\about-website-knowledge-base-third-party-ecommerce-manage-customers-send-automated-marketing-emails-third-party-store.html","YES","YES","YES","YES","YES","NO","NO"
"pages\about-website-knowledge-base-third-party-ecommerce-manage-customers-strong-customer-authentication-sca-third-party-store.html","YES","YES","YES","YES","YES","NO","NO"
"pages\about-website-knowledge-base-third-party-ecommerce-payments-and-orders-about-payment-options-third-party-store.html","YES","YES","YES","YES","YES","NO","NO"
"pages\about-website-knowledge-base-third-party-ecommerce-payments-and-orders-edit-orders-third-party-store.html","YES","YES","YES","YES","YES","NO","NO"
"pages\about-website-knowledge-base-third-party-ecommerce-payments-and-orders-offline-payments-third-party-store.html","YES","YES","YES","YES","YES","NO","NO"
"pages\about-website-knowledge-base-third-party-ecommerce-payments-and-orders-online-payments-third-party-store.html","YES","YES","YES","YES","YES","NO","NO"
"pages\about-website-knowledge-base-third-party-ecommerce-payments-and-orders-orders-third-party-store.html","YES","YES","YES","YES","YES","NO","NO"
"pages\about-website-knowledge-base-third-party-ecommerce-payments-and-orders-payments-and-orders.html","YES","YES","YES","YES","YES","NO","NO"
"pages\about-website-knowledge-base-third-party-ecommerce-sales-channels-and-reports-basic-reports-and-sales-stats-third-party-store.html","YES","YES","YES","YES","YES","NO","NO"
"pages\about-website-knowledge-base-third-party-ecommerce-sales-channels-and-reports-connect-product-catalog-to-tiktok-third-party-store.html","YES","YES","YES","YES","YES","NO","NO"
"pages\about-website-knowledge-base-third-party-ecommerce-sales-channels-and-reports-marketplaces-third-party-store.html","YES","YES","YES","YES","YES","NO","NO"
"pages\about-website-knowledge-base-third-party-ecommerce-sales-channels-and-reports-reconnect-facebook-to-store-third-party-store.html","YES","YES","YES","YES","YES","NO","NO"
"pages\about-website-knowledge-base-third-party-ecommerce-sales-channels-and-reports-sell-on-facebook-third-party-store.html","YES","YES","YES","YES","YES","NO","NO"
"pages\about-website-knowledge-base-third-party-ecommerce-sales-channels-and-reports-store-app-market-third-party-store.html","YES","YES","YES","YES","YES","NO","NO"
"pages\about-website-knowledge-base-third-party-ecommerce-shipping-and-delivery-buy-and-print-shipping-labels-third-party-store.html","YES","YES","YES","YES","YES","NO","NO"
"pages\about-website-knowledge-base-third-party-ecommerce-shipping-and-delivery-inventory-tracking-third-party-store.html","YES","YES","YES","YES","YES","NO","NO"
"pages\about-website-knowledge-base-third-party-ecommerce-shipping-and-delivery-shipping-and-delivery.html","YES","YES","YES","YES","YES","NO","NO"
"pages\about-website-knowledge-base-third-party-ecommerce-shipping-and-delivery-shipping-faqs-third-party-store.html","YES","YES","YES","YES","YES","NO","NO"
"pages\about-website-knowledge-base-third-party-ecommerce-shipping-and-delivery-shipping-options-third-party-store.html","YES","YES","YES","YES","YES","NO","NO"
"pages\about-website-knowledge-base-third-party-ecommerce-shipping-and-delivery-shipping-third-party-store.html","YES","YES","YES","YES","YES","NO","NO"
"pages\about-website-knowledge-base-third-party-ecommerce-store-overview-and-set-up-ecommerce-faqs-third-party-store.html","YES","YES","YES","YES","YES","NO","NO"
"pages\about-website-knowledge-base-third-party-ecommerce-store-overview-and-set-up-ecommerce-getting-started-third-party-store.html","YES","YES","YES","YES","YES","NO","NO"
"pages\about-website-knowledge-base-third-party-ecommerce-store-overview-and-set-up-how-to-add-a-store-third-party-store.html","YES","YES","YES","YES","YES","NO","NO"
"pages\about-website-knowledge-base-third-party-ecommerce-store-overview-and-set-up-remove-free-demo-store-third-party-store.html","YES","YES","YES","YES","YES","NO","NO"
"pages\about-website-knowledge-base-third-party-ecommerce-store-overview-and-set-up-store-overview-and-set-up.html","YES","YES","YES","YES","YES","NO","NO"
"pages\about-website-knowledge-base-third-party-ecommerce-store-overview-and-set-up-store-plans-third-party-store.html","YES","YES","YES","YES","YES","NO","NO"
"pages\about-website-knowledge-base-website-builder-ai-tools-ai-assistant-for-the-text-editor.html","YES","YES","YES","YES","YES","NO","NO"
"pages\about-website-knowledge-base-website-builder-ai-tools-ai-tools-overview.html","YES","YES","YES","YES","YES","NO","NO"
"pages\about-website-knowledge-base-website-builder-ai-tools-create-a-flex-section-with-ai.html","YES","YES","YES","YES","YES","NO","NO"
"pages\about-website-knowledge-base-website-builder-ai-tools-generate-a-site-with-ai.html","YES","YES","YES","YES","YES","NO","NO"
"pages\about-website-knowledge-base-website-builder-ai-tools-generate-seo-content-with-ai.html","YES","YES","YES","YES","YES","NO","NO"
"pages\about-website-knowledge-base-website-builder-ai-tools-how-to-write-effective-ai-prompts.html","YES","YES","YES","YES","YES","NO","NO"
"pages\about-website-knowledge-base-website-builder-bookings-bookings-faqs.html","YES","YES","YES","YES","YES","NO","NO"
"pages\about-website-knowledge-base-website-builder-bookings-bookings-overview.html","YES","YES","YES","YES","YES","NO","NO"
"pages\about-website-knowledge-base-website-builder-bookings-manage-bookings.html","YES","YES","YES","YES","YES","NO","NO"
"pages\about-website-knowledge-base-website-builder-bookings-set-up-bookings.html","YES","YES","YES","YES","YES","NO","NO"
"pages\about-website-knowledge-base-website-builder-bookings-uninstall-bookings.html","YES","YES","YES","YES","YES","NO","NO"
"pages\about-website-knowledge-base-website-builder-connected-data-and-dynamic-pages-dynamic-content-airtable-collections.html","YES","YES","YES","YES","YES","NO","NO"
"pages\about-website-knowledge-base-website-builder-connected-data-and-dynamic-pages-dynamic-content-business-info-text-and-images.html","YES","YES","YES","YES","YES","NO","NO"
"pages\about-website-knowledge-base-website-builder-connected-data-and-dynamic-pages-dynamic-content-collections-for-regular-pages.html","YES","YES","YES","YES","YES","NO","NO"
"pages\about-website-knowledge-base-website-builder-connected-data-and-dynamic-pages-dynamic-content-collections.html","YES","YES","YES","YES","YES","NO","NO"
"pages\about-website-knowledge-base-website-builder-connected-data-and-dynamic-pages-dynamic-content-display-and-navigation-options-for-collection-records.html","YES","YES","YES","YES","YES","NO","NO"
"pages\about-website-knowledge-base-website-builder-connected-data-and-dynamic-pages-dynamic-content-dynamic-pages.html","YES","YES","YES","YES","YES","NO","NO"
"pages\about-website-knowledge-base-website-builder-connected-data-and-dynamic-pages-dynamic-content-external-collections.html","YES","YES","YES","YES","YES","NO","NO"
"pages\about-website-knowledge-base-website-builder-connected-data-and-dynamic-pages-dynamic-content-google-sheets-collections.html","YES","YES","YES","YES","YES","NO","NO"
"pages\about-website-knowledge-base-website-builder-connected-data-and-dynamic-pages-dynamic-content-internal-collections.html","YES","YES","YES","YES","YES","NO","NO"
"pages\about-website-knowledge-base-website-builder-connected-data-and-dynamic-pages-dynamic-content-overview.html","YES","YES","YES","YES","YES","NO","NO"
"pages\about-website-knowledge-base-website-builder-connected-data-and-dynamic-pages-internal-collections-import-records-from-a-csv.html","YES","YES","YES","YES","YES","NO","NO"
"pages\about-website-knowledge-base-website-builder-content-business-data.html","YES","YES","YES","YES","YES","NO","NO"
"pages\about-website-knowledge-base-website-builder-content-color-picker.html","YES","YES","YES","YES","YES","NO","NO"
"pages\about-website-knowledge-base-website-builder-content-element-backgrounds.html","YES","YES","YES","YES","YES","NO","NO"
"pages\about-website-knowledge-base-website-builder-content-image-editor.html","YES","YES","YES","YES","YES","NO","NO"
"pages\about-website-knowledge-base-website-builder-content-import-and-collect-content.html","YES","YES","YES","YES","YES","NO","NO"
"pages\about-website-knowledge-base-website-builder-content-media-guidelines-and-specifications.html","YES","YES","YES","YES","YES","NO","NO"
"pages\about-website-knowledge-base-website-builder-content-media-manager-libraries-and-pickers.html","YES","YES","YES","YES","YES","NO","NO"
"pages\about-website-knowledge-base-website-builder-content-media-panel.html","YES","YES","YES","YES","YES","NO","NO"
"pages\about-website-knowledge-base-website-builder-content-media-terms-and-licensing.html","YES","YES","YES","YES","YES","NO","YES"
"pages\about-website-knowledge-base-website-builder-edit-on-the-go-backup-publish-re-publish-and-unpublish-on-mobile.html","YES","YES","YES","YES","YES","NO","NO"
"pages\about-website-knowledge-base-website-builder-edit-on-the-go-edit-click-to-call-and-click-to-email-on-mobile.html","YES","YES","YES","YES","YES","NO","NO"
"pages\about-website-knowledge-base-website-builder-edit-on-the-go-edit-image-slider-and-photo-gallery-widgets-on-mobile.html","YES","YES","YES","YES","YES","NO","NO"
"pages\about-website-knowledge-base-website-builder-edit-on-the-go-edit-image-widgets-on-mobile.html","YES","YES","YES","YES","YES","NO","NO"
"pages\about-website-knowledge-base-website-builder-edit-on-the-go-edit-on-the-go.html","YES","YES","YES","YES","YES","NO","NO"
"pages\about-website-knowledge-base-website-builder-edit-on-the-go-edit-sites-on-a-tablet.html","YES","YES","YES","YES","YES","NO","NO"
"pages\about-website-knowledge-base-website-builder-edit-on-the-go-select-and-add-images-on-mobile.html","YES","YES","YES","YES","YES","NO","NO"
"pages\about-website-knowledge-base-website-builder-edit-on-the-go-site-stats-on-mobile.html","YES","YES","YES","YES","YES","NO","NO"
"pages\about-website-knowledge-base-website-builder-edit-on-the-go-use-the-dashboard-on-mobile.html","YES","YES","YES","YES","YES","NO","NO"
"pages\about-website-knowledge-base-website-builder-editor-blog.html","YES","YES","YES","YES","YES","NO","NO"
"pages\about-website-knowledge-base-website-builder-editor-canvas-actions-and-options.html","YES","YES","YES","YES","YES","NO","NO"
"pages\about-website-knowledge-base-website-builder-editor-custom-code.html","YES","YES","YES","YES","YES","NO","NO"
"pages\about-website-knowledge-base-website-builder-editor-design-with-flexbox-technology.html","YES","YES","YES","YES","YES","NO","NO"
"pages\about-website-knowledge-base-website-builder-editor-editor-overview.html","YES","YES","YES","YES","YES","NO","NO"
"pages\about-website-knowledge-base-website-builder-editor-editor-versions.html","YES","YES","YES","YES","YES","NO","NO"
"pages\about-website-knowledge-base-website-builder-editor-features-only-available-in-editor-2-0.html","YES","YES","YES","YES","YES","NO","NO"
"pages\about-website-knowledge-base-website-builder-editor-how-to-identify-the-editor-version-your-site-uses.html","YES","YES","YES","YES","YES","NO","NO"
"pages\about-website-knowledge-base-website-builder-editor-keyboard-shortcuts.html","YES","YES","YES","YES","YES","NO","NO"
"pages\about-website-knowledge-base-website-builder-editor-launching-your-site-checklist.html","YES","YES","YES","YES","YES","NO","NO"
"pages\about-website-knowledge-base-website-builder-editor-manage-elements.html","YES","YES","YES","YES","YES","NO","NO"
"pages\about-website-knowledge-base-website-builder-editor-outer-and-inner-spacing.html","YES","YES","YES","YES","YES","NO","NO"
"pages\about-website-knowledge-base-website-builder-editor-screen-sizes-and-devices.html","YES","YES","YES","YES","YES","NO","NO"
"pages\about-website-knowledge-base-website-builder-editor-side-panel-improvements-in-the-editor.html","YES","YES","YES","YES","YES","NO","NO"
"pages\about-website-knowledge-base-website-builder-editor-site-comments.html","YES","YES","YES","YES","YES","NO","NO"
"pages\about-website-knowledge-base-website-builder-editor-site-theme.html","YES","YES","YES","YES","YES","NO","NO"
"pages\about-website-knowledge-base-website-builder-editor-system-requirements.html","YES","YES","YES","YES","YES","NO","NO"
"pages\about-website-knowledge-base-website-builder-header-and-footer-footer.html","YES","YES","YES","YES","YES","NO","NO"
"pages\about-website-knowledge-base-website-builder-header-and-footer-headers.html","YES","YES","YES","YES","YES","NO","NO"
"pages\about-website-knowledge-base-website-builder-pages-and-popups-custom-access-membership.html","YES","YES","YES","YES","YES","NO","NO"
"pages\about-website-knowledge-base-website-builder-pages-and-popups-membership.html","YES","YES","YES","YES","YES","NO","NO"
"pages\about-website-knowledge-base-website-builder-pages-and-popups-pages.html","YES","YES","YES","YES","YES","NO","NO"
"pages\about-website-knowledge-base-website-builder-pages-and-popups-personalization-rules.html","YES","YES","YES","YES","YES","NO","NO"
"pages\about-website-knowledge-base-website-builder-pages-and-popups-popups.html","YES","YES","YES","YES","YES","NO","NO"
"pages\about-website-knowledge-base-website-builder-pages-and-popups-single-page-management.html","YES","YES","YES","YES","YES","NO","NO"
"pages\about-website-knowledge-base-website-builder-pages-and-popups-taxes-for-membership.html","YES","YES","YES","YES","YES","NO","NO"
"pages\about-website-knowledge-base-website-builder-publishing-sites-configure-alternate-domains.html","YES","YES","YES","YES","YES","NO","NO"
"pages\about-website-knowledge-base-website-builder-publishing-sites-make-your-site-live-initial-steps-and-dns-record-setup.html","YES","YES","YES","YES","YES","NO","NO"
"pages\about-website-knowledge-base-website-builder-publishing-sites-unpublish-a-site.html","YES","YES","YES","YES","YES","NO","NO"
"pages\about-website-knowledge-base-website-builder-site-settings-and-performance-add-and-manage-multiple-languages.html","YES","YES","YES","YES","YES","NO","NO"
"pages\about-website-knowledge-base-website-builder-site-settings-and-performance-backup-sites.html","YES","YES","YES","YES","YES","NO","NO"
"pages\about-website-knowledge-base-website-builder-site-settings-and-performance-built-in-site-optimization.html","YES","YES","YES","YES","YES","NO","NO"
"pages\about-website-knowledge-base-website-builder-site-settings-and-performance-connect-and-sync-your-google-business-profile.html","YES","YES","YES","YES","YES","NO","NO"
"pages\about-website-knowledge-base-website-builder-site-settings-and-performance-core-web-vitals-best-practices-site-performance-and-optimization.html","YES","YES","YES","YES","YES","NO","NO"
"pages\about-website-knowledge-base-website-builder-site-settings-and-performance-core-web-vitals-faqs.html","YES","YES","YES","YES","YES","NO","NO"
"pages\about-website-knowledge-base-website-builder-site-settings-and-performance-core-web-vitals.html","YES","YES","YES","YES","YES","NO","NO"
"pages\about-website-knowledge-base-website-builder-site-settings-and-performance-facebook-tracking-pixels.html","YES","YES","YES","YES","YES","NO","NO"
"pages\about-website-knowledge-base-website-builder-site-settings-and-performance-general-data-protection-regulation-gdpr-compliance-information-and-resources.html","YES","YES","YES","YES","YES","NO","NO"
"pages\about-website-knowledge-base-website-builder-site-settings-and-performance-google-tools.html","YES","YES","YES","YES","YES","NO","NO"
"pages\about-website-knowledge-base-website-builder-site-settings-and-performance-indexnow.html","YES","YES","YES","YES","YES","NO","NO"
"pages\about-website-knowledge-base-website-builder-site-settings-and-performance-lighthouse-and-core-web-vitals-comparison.html","YES","YES","YES","YES","YES","NO","NO"
"pages\about-website-knowledge-base-website-builder-site-settings-and-performance-load-site-in-an-iframe.html","YES","YES","YES","YES","YES","NO","NO"
"pages\about-website-knowledge-base-website-builder-site-settings-and-performance-privacy-settings.html","YES","YES","YES","YES","YES","NO","YES"
"pages\about-website-knowledge-base-website-builder-site-settings-and-performance-progressive-web-app-pwa.html","YES","YES","YES","YES","YES","NO","NO"
"pages\about-website-knowledge-base-website-builder-site-settings-and-performance-schema-markup.html","YES","YES","YES","YES","YES","NO","NO"
"pages\about-website-knowledge-base-website-builder-site-settings-and-performance-security-measures.html","YES","YES","YES","YES","YES","NO","NO"
"pages\about-website-knowledge-base-website-builder-site-settings-and-performance-seo-key-concepts-and-tools.html","YES","YES","YES","YES","YES","NO","NO"
"pages\about-website-knowledge-base-website-builder-site-settings-and-performance-set-a-default-site-language.html","YES","YES","YES","YES","YES","NO","NO"
"pages\about-website-knowledge-base-website-builder-site-settings-and-performance-site-configuration-files.html","YES","YES","YES","YES","YES","NO","NO"
"pages\about-website-knowledge-base-website-builder-site-settings-and-performance-site-icons.html","YES","YES","YES","YES","YES","NO","NO"
"pages\about-website-knowledge-base-website-builder-site-settings-and-performance-site-performance-and-optimization.html","YES","YES","YES","YES","YES","NO","NO"
"pages\about-website-knowledge-base-website-builder-site-settings-and-performance-site-seo-aeo-settings.html","YES","YES","YES","YES","YES","NO","NO"
"pages\about-website-knowledge-base-website-builder-site-settings-and-performance-site-settings.html","YES","YES","YES","YES","YES","NO","NO"
"pages\about-website-knowledge-base-website-builder-site-settings-and-performance-ssls-https.html","YES","YES","YES","YES","YES","NO","NO"
"pages\about-website-knowledge-base-website-builder-site-settings-and-performance-the-california-consumer-privacy-act-of-2018-ccpa-compliance-information-and-resources.html","YES","YES","YES","YES","YES","NO","YES"
"pages\about-website-knowledge-base-website-builder-site-settings-and-performance-url-redirects.html","YES","YES","YES","YES","YES","NO","NO"
"pages\about-website-knowledge-base-widgets-advanced-widgets-widgets-advanced-accordion.html","YES","YES","YES","YES","YES","NO","NO"
"pages\about-website-knowledge-base-widgets-advanced-widgets-widgets-advanced-forms.html","YES","YES","YES","YES","YES","NO","NO"
"pages\about-website-knowledge-base-widgets-advanced-widgets-widgets-advanced-tabs.html","YES","YES","YES","YES","YES","NO","NO"
"pages\about-website-knowledge-base-widgets-advanced-widgets-widgets-html.html","YES","YES","YES","YES","YES","NO","NO"
"pages\about-website-knowledge-base-widgets-basic-widgets-mega-menu.html","YES","YES","YES","YES","YES","NO","NO"
"pages\about-website-knowledge-base-widgets-basic-widgets-widgets-accordion.html","YES","YES","YES","YES","YES","NO","NO"
"pages\about-website-knowledge-base-widgets-basic-widgets-widgets-breadcrumbs.html","YES","YES","YES","YES","YES","NO","NO"
"pages\about-website-knowledge-base-widgets-basic-widgets-widgets-button.html","YES","YES","YES","YES","YES","NO","NO"
"pages\about-website-knowledge-base-widgets-basic-widgets-widgets-copyright.html","YES","YES","YES","YES","YES","NO","NO"
"pages\about-website-knowledge-base-widgets-basic-widgets-widgets-countdown.html","YES","YES","YES","YES","YES","NO","NO"
"pages\about-website-knowledge-base-widgets-basic-widgets-widgets-file-download-a-file-button.html","YES","YES","YES","YES","YES","NO","NO"
"pages\about-website-knowledge-base-widgets-basic-widgets-widgets-hamburger-menu.html","YES","YES","YES","YES","YES","NO","NO"
"pages\about-website-knowledge-base-widgets-basic-widgets-widgets-icon.html","YES","YES","YES","YES","YES","NO","NO"
"pages\about-website-knowledge-base-widgets-basic-widgets-widgets-list.html","YES","YES","YES","YES","YES","NO","NO"
"pages\about-website-knowledge-base-widgets-basic-widgets-widgets-navigation-links.html","YES","YES","YES","YES","YES","NO","NO"
"pages\about-website-knowledge-base-widgets-basic-widgets-widgets-spacer.html","YES","YES","YES","YES","YES","NO","NO"
"pages\about-website-knowledge-base-widgets-basic-widgets-widgets-table.html","YES","YES","YES","YES","YES","NO","NO"
"pages\about-website-knowledge-base-widgets-basic-widgets-widgets-tabs.html","YES","YES","YES","YES","YES","NO","NO"
"pages\about-website-knowledge-base-widgets-basic-widgets-widgets-text-and-titles-headings.html","YES","YES","YES","YES","YES","NO","NO"
"pages\about-website-knowledge-base-widgets-basic-widgets-widgets-text-image.html","YES","YES","YES","YES","YES","NO","NO"
"pages\about-website-knowledge-base-widgets-business-widgets-widgets-business-hours.html","YES","YES","YES","YES","YES","NO","NO"
"pages\about-website-knowledge-base-widgets-business-widgets-widgets-click-to-call.html","YES","YES","YES","YES","YES","NO","NO"
"pages\about-website-knowledge-base-widgets-business-widgets-widgets-click-to-email.html","YES","YES","YES","YES","YES","NO","NO"
"pages\about-website-knowledge-base-widgets-business-widgets-widgets-contact-forms.html","YES","YES","YES","YES","YES","NO","NO"
"pages\about-website-knowledge-base-widgets-business-widgets-widgets-coupons.html","YES","YES","YES","YES","YES","NO","NO"
"pages\about-website-knowledge-base-widgets-business-widgets-widgets-google-calendar.html","YES","YES","YES","YES","YES","NO","NO"
"pages\about-website-knowledge-base-widgets-business-widgets-widgets-map.html","YES","YES","YES","YES","YES","NO","NO"
"pages\about-website-knowledge-base-widgets-business-widgets-widgets-multi-location.html","YES","YES","YES","YES","YES","NO","NO"
"pages\about-website-knowledge-base-widgets-business-widgets-widgets-online-scheduling-vcita.html","YES","YES","YES","YES","YES","NO","NO"
"pages\about-website-knowledge-base-widgets-business-widgets-widgets-opentable-reservation-button.html","YES","YES","YES","YES","YES","NO","NO"
"pages\about-website-knowledge-base-widgets-business-widgets-widgets-paypal-button.html","YES","YES","YES","YES","YES","NO","NO"
"pages\about-website-knowledge-base-widgets-business-widgets-widgets-restaurant-menu.html","YES","YES","YES","YES","YES","NO","NO"
"pages\about-website-knowledge-base-widgets-business-widgets-widgets-yelp-reviews.html","YES","YES","YES","YES","YES","NO","NO"
"pages\about-website-knowledge-base-widgets-business-widgets-widgets-zoom.html","YES","YES","YES","YES","YES","NO","NO"
"pages\about-website-knowledge-base-widgets-media-widgets-media-widgets-photo-gallery.html","YES","YES","YES","YES","YES","NO","NO"
"pages\about-website-knowledge-base-widgets-media-widgets-widgets-audio.html","YES","YES","YES","YES","YES","NO","NO"
"pages\about-website-knowledge-base-widgets-media-widgets-widgets-before-after.html","YES","YES","YES","YES","YES","NO","NO"
"pages\about-website-knowledge-base-widgets-media-widgets-widgets-image-slider.html","YES","YES","YES","YES","YES","NO","NO"
"pages\about-website-knowledge-base-widgets-media-widgets-widgets-image.html","YES","YES","YES","YES","YES","NO","NO"
"pages\about-website-knowledge-base-widgets-media-widgets-widgets-lottie-animation.html","YES","YES","YES","YES","YES","NO","NO"
"pages\about-website-knowledge-base-widgets-media-widgets-widgets-media-slider.html","YES","YES","YES","YES","YES","NO","NO"
"pages\about-website-knowledge-base-widgets-media-widgets-widgets-shape.html","YES","YES","YES","YES","YES","NO","NO"
"pages\about-website-knowledge-base-widgets-media-widgets-widgets-video.html","YES","YES","YES","YES","YES","NO","NO"
"pages\about-website-knowledge-base-widgets-social-widgets-widgets-disqus-comments.html","YES","YES","YES","YES","YES","NO","NO"
"pages\about-website-knowledge-base-widgets-social-widgets-widgets-facebook-comments.html","YES","YES","YES","YES","YES","NO","NO"
"pages\about-website-knowledge-base-widgets-social-widgets-widgets-facebook-feed.html","YES","YES","YES","YES","YES","NO","NO"
"pages\about-website-knowledge-base-widgets-social-widgets-widgets-facebook-like.html","YES","YES","YES","YES","YES","NO","NO"
"pages\about-website-knowledge-base-widgets-social-widgets-widgets-rss-feeds.html","YES","YES","YES","YES","YES","NO","NO"
"pages\about-website-knowledge-base-widgets-social-widgets-widgets-social-icons.html","YES","YES","YES","YES","YES","NO","NO"
"pages\about-website-knowledge-base-widgets-widget-overview-blog-widgets-all-posts-and-recent-posts.html","YES","YES","YES","YES","YES","NO","NO"
"pages\about-website-knowledge-base-widgets-widget-overview-blog-widgets-search-posts.html","YES","YES","YES","YES","YES","NO","NO"
"pages\about-website-knowledge-base-widgets-widget-overview-link-picker.html","YES","YES","YES","YES","YES","NO","NO"
"pages\about-website-knowledge-base-widgets-widget-overview-widgets-library-and-overview.html","YES","YES","YES","YES","YES","NO","NO"
"pages\about-website-knowledge-base.html","YES","YES","YES","YES","YES","NO","YES"
"pages\about-widget-knowledge-base-3d-carousel-widget.html","YES","YES","YES","YES","YES","NO","NO"
"pages\about-widget-knowledge-base-ada-accessibility-widget.html","YES","YES","YES","YES","YES","NO","NO"
"pages\about-widget-knowledge-base-advanced-image-slider-widget.html","YES","YES","YES","YES","YES","NO","NO"
"pages\about-widget-knowledge-base-age-verification-widget.html","YES","YES","YES","YES","YES","NO","NO"
"pages\about-widget-knowledge-base-animate-content-widget.html","YES","YES","YES","YES","YES","NO","NO"
"pages\about-widget-knowledge-base-back-to-top-widget.html","YES","YES","YES","YES","YES","NO","NO"
"pages\about-widget-knowledge-base-bottom-menu-widget.html","YES","YES","YES","YES","YES","NO","NO"
"pages\about-widget-knowledge-base-calendar-widget.html","YES","YES","YES","YES","YES","NO","NO"
"pages\about-widget-knowledge-base-carousel-slider-widget.html","YES","YES","YES","YES","YES","NO","NO"
"pages\about-widget-knowledge-base-click-to-text-widget.html","YES","YES","YES","YES","YES","NO","NO"
"pages\about-widget-knowledge-base-clock-widget.html","YES","YES","YES","YES","YES","NO","NO"
"pages\about-widget-knowledge-base-collapsible-boxes-widget.html","YES","YES","YES","YES","YES","NO","NO"
"pages\about-widget-knowledge-base-comparison-slider-widget.html","YES","YES","YES","YES","YES","NO","NO"
"pages\about-widget-knowledge-base-count-up-widget.html","YES","YES","YES","YES","YES","NO","NO"
"pages\about-widget-knowledge-base-countdown-clock-widget.html","YES","YES","YES","YES","YES","NO","NO"
"pages\about-widget-knowledge-base-current-date-widget.html","YES","YES","YES","YES","YES","NO","NO"
"pages\about-widget-knowledge-base-dropdown-selector-widget.html","YES","YES","YES","YES","YES","NO","NO"
"pages\about-widget-knowledge-base-duda-api-widget.html","YES","YES","YES","YES","YES","NO","NO"
"pages\about-widget-knowledge-base-duda-templates-widget.html","YES","YES","YES","YES","YES","NO","NO"
"pages\about-widget-knowledge-base-elastic-search-widget.html","YES","YES","YES","YES","YES","NO","NO"
"pages\about-widget-knowledge-base-eventbrite-events-widget.html","YES","YES","YES","YES","YES","NO","NO"
"pages\about-widget-knowledge-base-facebook-feed-widget.html","YES","YES","YES","YES","YES","NO","NO"
"pages\about-widget-knowledge-base-facebook-messenger-widget.html","YES","YES","YES","YES","YES","NO","NO"
"pages\about-widget-knowledge-base-filter-photo-gallery-widget.html","YES","YES","YES","YES","YES","NO","NO"
"pages\about-widget-knowledge-base-flip-book-widget.html","YES","YES","YES","YES","YES","NO","NO"
"pages\about-widget-knowledge-base-google-calendar-widget.html","YES","YES","YES","YES","YES","NO","NO"
"pages\about-widget-knowledge-base-google-reviews-widget.html","YES","YES","YES","YES","YES","NO","NO"
"pages\about-widget-knowledge-base-hover-image-widget.html","YES","YES","YES","YES","YES","NO","NO"
"pages\about-widget-knowledge-base-image-shapes-widget.html","YES","YES","YES","YES","YES","NO","NO"
"pages\about-widget-knowledge-base-interactive-map-widget.html","YES","YES","YES","YES","YES","NO","NO"
"pages\about-widget-knowledge-base-mega-menus-widget.html","YES","YES","YES","YES","YES","NO","NO"
"pages\about-widget-knowledge-base-popup-carousel-widget.html","YES","YES","YES","YES","YES","NO","NO"
"pages\about-widget-knowledge-base-price-slider-widget.html","YES","YES","YES","YES","YES","NO","NO"
"pages\about-widget-knowledge-base-pricing-table-widget.html","YES","YES","YES","YES","YES","NO","NO"
"pages\about-widget-knowledge-base-product-slider-widget.html","YES","YES","YES","YES","YES","NO","NO"
"pages\about-widget-knowledge-base-property-listing-widget.html","YES","YES","YES","YES","YES","NO","NO"
"pages\about-widget-knowledge-base-section-separator-widget.html","YES","YES","YES","YES","YES","NO","NO"
"pages\about-widget-knowledge-base-side-menu-widget.html","YES","YES","YES","YES","YES","NO","NO"
"pages\about-widget-knowledge-base-social-share-widget.html","YES","YES","YES","YES","YES","NO","NO"
"pages\about-widget-knowledge-base-sticky-button-widget.html","YES","YES","YES","YES","YES","NO","NO"
"pages\about-widget-knowledge-base-sticky-social-icons-widget.html","YES","YES","YES","YES","YES","NO","NO"
"pages\about-widget-knowledge-base-store-finder-widget.html","YES","YES","YES","YES","YES","NO","NO"
"pages\about-widget-knowledge-base-store-location-widget.html","YES","YES","YES","YES","YES","NO","NO"
"pages\about-widget-knowledge-base-stripe-payment-widget.html","YES","YES","YES","YES","YES","NO","NO"
"pages\about-widget-knowledge-base-tab-slider-widget.html","YES","YES","YES","YES","YES","NO","NO"
"pages\about-widget-knowledge-base-table-creator-widget.html","YES","YES","YES","YES","YES","NO","NO"
"pages\about-widget-knowledge-base-tabs-layout-widget.html","YES","YES","YES","YES","YES","NO","NO"
"pages\about-widget-knowledge-base-testimonial-slider-widget.html","YES","YES","YES","YES","YES","NO","NO"
"pages\about-widget-knowledge-base-twitter-feed-widget.html","YES","YES","YES","YES","YES","NO","NO"
"pages\about-widget-knowledge-base-typewriter-text-widget.html","YES","YES","YES","YES","YES","NO","NO"
"pages\about-widget-knowledge-base-video-carousel-widget.html","YES","YES","YES","YES","YES","NO","NO"
"pages\about-widget-knowledge-base-video-grid-widget.html","YES","YES","YES","YES","YES","NO","NO"
"pages\about-widget-knowledge-base.html","YES","YES","YES","YES","YES","NO","NO"
"pages\about.html","YES","YES","YES","YES","YES","NO","NO"
"pages\addons-domain-names.html","YES","YES","YES","YES","YES","NO","NO"
"pages\addons-professional-email.html","YES","YES","YES","YES","YES","NO","NO"
"pages\addons-website-app-store-abandoned-cart-recovery-by-monto.html","YES","YES","YES","YES","YES","NO","NO"
"pages\addons-website-app-store-accessibility-by-audioeye.html","YES","YES","YES","YES","YES","NO","YES"
"pages\addons-website-app-store-accessibility-by-userway.html","YES","YES","YES","YES","YES","NO","YES"
"pages\addons-website-app-store-affiliates-by-monto.html","YES","YES","YES","YES","YES","NO","NO"
"pages\addons-website-app-store-age-verification-age-gate-18.html","YES","YES","YES","YES","YES","NO","YES"
"pages\addons-website-app-store-agentz-ai.html","YES","YES","YES","YES","YES","NO","NO"
"pages\addons-website-app-store-all-in-one-widget-suite.html","YES","YES","YES","YES","YES","NO","NO"
"pages\addons-website-app-store-amp-faster-websites.html","YES","YES","YES","YES","YES","NO","NO"
"pages\addons-website-app-store-announcements-changelog.html","YES","YES","YES","YES","YES","NO","NO"
"pages\addons-website-app-store-audio-player.html","YES","YES","YES","YES","YES","NO","NO"
"pages\addons-website-app-store-automated-customer-reviews.html","YES","YES","YES","YES","YES","NO","NO"
"pages\addons-website-app-store-automated-product-labels-badges.html","YES","YES","YES","YES","YES","NO","NO"
"pages\addons-website-app-store-bablic.html","YES","YES","YES","YES","YES","NO","NO"
"pages\addons-website-app-store-book-like-a-boss.html","YES","YES","YES","YES","YES","NO","NO"
"pages\addons-website-app-store-bookafy.html","YES","YES","YES","YES","YES","NO","NO"
"pages\addons-website-app-store-calculator-builder.html","YES","YES","YES","YES","YES","NO","NO"
"pages\addons-website-app-store-charts-graphs.html","YES","YES","YES","YES","YES","NO","NO"
"pages\addons-website-app-store-chatfully.html","YES","YES","YES","YES","YES","NO","NO"
"pages\addons-website-app-store-chatway-live-chat.html","YES","YES","YES","YES","YES","NO","NO"
"pages\addons-website-app-store-chatwith-whatsapp-widget.html","YES","YES","YES","YES","YES","NO","NO"
"pages\addons-website-app-store-clawdia-ai.html","YES","YES","YES","YES","YES","NO","YES"
"pages\addons-website-app-store-cloud-campaign.html","YES","YES","YES","YES","YES","NO","NO"
"pages\addons-website-app-store-common-ninja-ai-chatbot.html","YES","YES","YES","YES","YES","NO","NO"
"pages\addons-website-app-store-common-ninja-all-in-one-reviews.html","YES","YES","YES","YES","YES","NO","NO"
"pages\addons-website-app-store-common-ninja-google-reviews.html","YES","YES","YES","YES","YES","NO","NO"
"pages\addons-website-app-store-comparison-tables.html","YES","YES","YES","YES","YES","NO","NO"
"pages\addons-website-app-store-contact-forms-builder.html","YES","YES","YES","YES","YES","NO","NO"
"pages\addons-website-app-store-countdown-timer-bar.html","YES","YES","YES","YES","YES","NO","NO"
"pages\addons-website-app-store-crm-by-monto.html","YES","YES","YES","YES","YES","NO","NO"
"pages\addons-website-app-store-currency-converter-by-monto.html","YES","YES","YES","YES","YES","NO","NO"
"pages\addons-website-app-store-customer-testimonials.html","YES","YES","YES","YES","YES","NO","NO"
"pages\addons-website-app-store-embedfeed.html","YES","YES","YES","YES","YES","NO","NO"
"pages\addons-website-app-store-embedreviews.html","YES","YES","YES","YES","YES","NO","NO"
"pages\addons-website-app-store-hellobar-targeted-pop-ups.html","YES","YES","YES","YES","YES","NO","NO"
"pages\addons-website-app-store-image-hotspot.html","YES","YES","YES","YES","YES","NO","NO"
"pages\addons-website-app-store-iubenda.html","YES","YES","YES","YES","YES","NO","YES"
"pages\addons-website-app-store-membership.html","YES","YES","YES","YES","YES","NO","NO"
"pages\addons-website-app-store-movylo.html","YES","YES","YES","YES","YES","NO","NO"
"pages\addons-website-app-store-octotable.html","YES","YES","YES","YES","YES","NO","NO"
"pages\addons-website-app-store-owwlish-online-courses.html","YES","YES","YES","YES","YES","NO","NO"
"pages\addons-website-app-store-paperform.html","YES","YES","YES","YES","YES","NO","NO"
"pages\addons-website-app-store-plum-popup-builder.html","YES","YES","YES","YES","YES","NO","NO"
"pages\addons-website-app-store-product-reviews-by-monto.html","YES","YES","YES","YES","YES","NO","NO"
"pages\addons-website-app-store-rss-social-media-stream.html","YES","YES","YES","YES","YES","NO","NO"
"pages\addons-website-app-store-seo-opportunities.html","YES","YES","YES","YES","YES","NO","NO"
"pages\addons-website-app-store-simplybook-me.html","YES","YES","YES","YES","YES","NO","NO"
"pages\addons-website-app-store-simplyprofit.html","YES","YES","YES","YES","YES","NO","NO"
"pages\addons-website-app-store-site-search-360.html","YES","YES","YES","YES","YES","NO","NO"
"pages\addons-website-app-store-splitit.html","YES","YES","YES","YES","YES","NO","NO"
"pages\addons-website-app-store-springtime.html","YES","YES","YES","YES","YES","NO","YES"
"pages\addons-website-app-store-subscribers-web-push-notifications.html","YES","YES","YES","YES","YES","NO","NO"
"pages\addons-website-app-store-termageddon.html","YES","YES","YES","YES","YES","NO","YES"
"pages\addons-website-app-store-termly.html","YES","YES","YES","YES","YES","NO","YES"
"pages\addons-website-app-store-tockify-events-calendar.html","YES","YES","YES","YES","YES","NO","NO"
"pages\addons-website-app-store-uberall.html","YES","YES","YES","YES","YES","NO","NO"
"pages\addons-website-app-store-upmenu.html","YES","YES","YES","YES","YES","NO","NO"
"pages\addons-website-app-store-usercentrics.html","YES","YES","YES","YES","YES","NO","YES"
"pages\addons-website-app-store-vcita.html","YES","YES","YES","YES","YES","NO","NO"
"pages\addons-website-app-store-web-stories.html","YES","YES","YES","YES","YES","NO","NO"
"pages\addons-website-app-store-whatsapp-chat-buttons.html","YES","YES","YES","YES","YES","NO","NO"
"pages\addons-website-app-store-woorank.html","YES","YES","YES","YES","YES","NO","NO"
"pages\addons-website-app-store-zip-buy-now-pay-later.html","YES","YES","YES","YES","YES","NO","NO"
"pages\addons-website-app-store.html","YES","YES","YES","YES","YES","NO","YES"
"pages\addons-widgets.html","YES","YES","YES","YES","YES","NO","NO"
"pages\addons.html","YES","YES","YES","YES","YES","NO","NO"
"pages\contact.html","YES","YES","YES","YES","YES","YES","NO"
"pages\design-branding.html","YES","YES","YES","YES","YES","NO","NO"
"pages\design-graphic-design.html","YES","YES","YES","YES","YES","NO","NO"
"pages\design-logo-design.html","YES","YES","YES","YES","YES","NO","NO"
"pages\design-professional-editor.html","YES","YES","YES","YES","YES","NO","NO"
"pages\design-simple-editor.html","YES","YES","YES","YES","YES","NO","NO"
"pages\design-website-design.html","YES","YES","YES","YES","YES","YES","YES"
"pages\design.html","YES","YES","YES","YES","YES","NO","NO"
"pages\digital-ads-amazon-advertising.html","YES","YES","YES","YES","YES","NO","NO"
"pages\digital-ads-google-advertising.html","YES","YES","YES","YES","YES","NO","YES"
"pages\digital-ads-local-services-advertising.html","YES","YES","YES","YES","YES","NO","NO"
"pages\digital-ads-microsoft-advertising.html","YES","YES","YES","YES","YES","NO","NO"
"pages\digital-ads-social-media-advertising.html","YES","YES","YES","YES","YES","NO","NO"
"pages\digital-ads-television-advertising.html","YES","YES","YES","YES","YES","NO","NO"
"pages\digital-ads.html","YES","YES","YES","YES","YES","NO","NO"
"pages\industries-accounting-firms.html","YES","YES","YES","YES","YES","NO","NO"
"pages\industries-appliance-stores.html","YES","YES","YES","YES","YES","NO","NO"
"pages\industries-artists-creators.html","YES","YES","YES","YES","YES","NO","NO"
"pages\industries-arts-organizations.html","YES","YES","YES","YES","YES","NO","NO"
"pages\industries-assisted-living.html","YES","YES","YES","YES","YES","NO","NO"
"pages\industries-auto-repair.html","YES","YES","YES","YES","YES","NO","NO"
"pages\industries-automotive.html","YES","YES","YES","YES","YES","NO","NO"
"pages\industries-bakeries.html","YES","YES","YES","YES","YES","NO","NO"
"pages\industries-beauty-salons.html","YES","YES","YES","YES","YES","NO","NO"
"pages\industries-breweries.html","YES","YES","YES","YES","YES","NO","NO"
"pages\industries-builders-contractors.html","YES","YES","YES","YES","YES","NO","NO"
"pages\industries-car-dealerships.html","YES","YES","YES","YES","YES","NO","NO"
"pages\industries-car-detailing.html","YES","YES","YES","YES","YES","NO","NO"
"pages\industries-car-washes.html","YES","YES","YES","YES","YES","NO","NO"
"pages\industries-catering.html","YES","YES","YES","YES","YES","NO","NO"
"pages\industries-child-care.html","YES","YES","YES","YES","YES","NO","NO"
"pages\industries-chiropractors.html","YES","YES","YES","YES","YES","NO","NO"
"pages\industries-cleaning-services.html","YES","YES","YES","YES","YES","NO","NO"
"pages\industries-clothing-ecommerce.html","YES","YES","YES","YES","YES","NO","NO"
"pages\industries-collections.html","YES","YES","YES","YES","YES","NO","NO"
"pages\industries-community-organizations.html","YES","YES","YES","YES","YES","NO","NO"
"pages\industries-construction-design.html","YES","YES","YES","YES","YES","NO","NO"
"pages\industries-consultants.html","YES","YES","YES","YES","YES","NO","NO"
"pages\industries-courier-services.html","YES","YES","YES","YES","YES","NO","NO"
"pages\industries-dental-medical.html","YES","YES","YES","YES","YES","NO","NO"
"pages\industries-dentists.html","YES","YES","YES","YES","YES","NO","NO"
"pages\industries-dermatology.html","YES","YES","YES","YES","YES","NO","NO"
"pages\industries-dog-adoption.html","YES","YES","YES","YES","YES","NO","NO"
"pages\industries-driving-schools.html","YES","YES","YES","YES","YES","NO","NO"
"pages\industries-ecommerce-stores.html","YES","YES","YES","YES","YES","NO","NO"
"pages\industries-electricians.html","YES","YES","YES","YES","YES","NO","NO"
"pages\industries-equestrian.html","YES","YES","YES","YES","YES","NO","NO"
"pages\industries-esports.html","YES","YES","YES","YES","YES","NO","NO"
"pages\industries-event-venues.html","YES","YES","YES","YES","YES","NO","NO"
"pages\industries-fashion-boutiques.html","YES","YES","YES","YES","YES","NO","NO"
"pages\industries-fencing.html","YES","YES","YES","YES","YES","NO","NO"
"pages\industries-festivals.html","YES","YES","YES","YES","YES","NO","NO"
"pages\industries-financial-advisors.html","YES","YES","YES","YES","YES","NO","NO"
"pages\industries-fire-water-damage.html","YES","YES","YES","YES","YES","NO","NO"
"pages\industries-fitness-gyms.html","YES","YES","YES","YES","YES","NO","NO"
"pages\industries-flooring.html","YES","YES","YES","YES","YES","NO","NO"
"pages\industries-food-trucks.html","YES","YES","YES","YES","YES","NO","NO"
"pages\industries-franchise-multi-location.html","YES","YES","YES","YES","YES","NO","NO"
"pages\industries-furniture-stores.html","YES","YES","YES","YES","YES","NO","NO"
"pages\industries-gaming.html","YES","YES","YES","YES","YES","NO","NO"
"pages\industries-garage-door-services.html","YES","YES","YES","YES","YES","NO","NO"
"pages\industries-glass-companies.html","YES","YES","YES","YES","YES","NO","NO"
"pages\industries-golf-recreation.html","YES","YES","YES","YES","YES","NO","NO"
"pages\industries-hair-salons.html","YES","YES","YES","YES","YES","NO","NO"
"pages\industries-hardware-stores.html","YES","YES","YES","YES","YES","NO","NO"
"pages\industries-home-care.html","YES","YES","YES","YES","YES","NO","NO"
"pages\industries-home-decor.html","YES","YES","YES","YES","YES","NO","NO"
"pages\industries-home-inspections.html","YES","YES","YES","YES","YES","NO","NO"
"pages\industries-home-services.html","YES","YES","YES","YES","YES","NO","NO"
"pages\industries-hotels-hospitality.html","YES","YES","YES","YES","YES","NO","NO"
"pages\industries-hvac.html","YES","YES","YES","YES","YES","NO","NO"
"pages\industries-industrial-services.html","YES","YES","YES","YES","YES","NO","NO"
"pages\industries-insurance.html","YES","YES","YES","YES","YES","NO","NO"
"pages\industries-interior-designers.html","YES","YES","YES","YES","YES","NO","NO"
"pages\industries-investor-relations.html","YES","YES","YES","YES","YES","NO","NO"
"pages\industries-it-services.html","YES","YES","YES","YES","YES","NO","NO"
"pages\industries-janitorial-services.html","YES","YES","YES","YES","YES","NO","NO"
"pages\industries-jewelry-stores.html","YES","YES","YES","YES","YES","NO","NO"
"pages\industries-kitchen-bath.html","YES","YES","YES","YES","YES","NO","NO"
"pages\industries-landscaping.html","YES","YES","YES","YES","YES","NO","NO"
"pages\industries-law-firms.html","YES","YES","YES","YES","YES","NO","NO"
"pages\industries-lawn-care.html","YES","YES","YES","YES","YES","NO","NO"
"pages\industries-local-retail.html","YES","YES","YES","YES","YES","NO","NO"
"pages\industries-locksmiths.html","YES","YES","YES","YES","YES","NO","NO"
"pages\industries-logistics.html","YES","YES","YES","YES","YES","NO","NO"
"pages\industries-machinery-movers.html","YES","YES","YES","YES","YES","NO","NO"
"pages\industries-managed-service-providers.html","YES","YES","YES","YES","YES","NO","NO"
"pages\industries-manufacturing.html","YES","YES","YES","YES","YES","NO","NO"
"pages\industries-marketing-agencies.html","YES","YES","YES","YES","YES","NO","NO"
"pages\industries-martial-arts-schools.html","YES","YES","YES","YES","YES","NO","NO"
"pages\industries-med-spas.html","YES","YES","YES","YES","YES","NO","NO"
"pages\industries-mental-health-practices.html","YES","YES","YES","YES","YES","NO","NO"
"pages\industries-motorcycle-dealers.html","YES","YES","YES","YES","YES","NO","NO"
"pages\industries-moving-storage.html","YES","YES","YES","YES","YES","NO","NO"
"pages\industries-nonprofits.html","YES","YES","YES","YES","YES","NO","NO"
"pages\industries-optometrists.html","YES","YES","YES","YES","YES","NO","NO"
"pages\industries-packaging-retail.html","YES","YES","YES","YES","YES","NO","NO"
"pages\industries-painting-contractors.html","YES","YES","YES","YES","YES","NO","NO"
"pages\industries-parking-mobility.html","YES","YES","YES","YES","YES","NO","NO"
"pages\industries-personal-trainers.html","YES","YES","YES","YES","YES","NO","NO"
"pages\industries-pest-control.html","YES","YES","YES","YES","YES","NO","NO"
"pages\industries-pet-services.html","YES","YES","YES","YES","YES","NO","NO"
"pages\industries-photographers.html","YES","YES","YES","YES","YES","NO","NO"
"pages\industries-physical-therapy.html","YES","YES","YES","YES","YES","NO","NO"
"pages\industries-plastic-surgery.html","YES","YES","YES","YES","YES","NO","NO"
"pages\industries-plumbing.html","YES","YES","YES","YES","YES","NO","NO"
"pages\industries-pool-services.html","YES","YES","YES","YES","YES","NO","NO"
"pages\industries-printing-signage.html","YES","YES","YES","YES","YES","NO","NO"
"pages\industries-private-investigators.html","YES","YES","YES","YES","YES","NO","NO"
"pages\industries-real-estate.html","YES","YES","YES","YES","YES","NO","NO"
"pages\industries-recreational-vehicles.html","YES","YES","YES","YES","YES","NO","NO"
"pages\industries-remodeling.html","YES","YES","YES","YES","YES","NO","NO"
"pages\industries-restaurants-cafes.html","YES","YES","YES","YES","YES","NO","NO"
"pages\industries-restaurants.html","YES","YES","YES","YES","YES","NO","NO"
"pages\industries-restoration-companies.html","YES","YES","YES","YES","YES","NO","NO"
"pages\industries-roofing.html","YES","YES","YES","YES","YES","NO","NO"
"pages\industries-saas-platforms.html","YES","YES","YES","YES","YES","NO","NO"
"pages\industries-schools-education.html","YES","YES","YES","YES","YES","NO","NO"
"pages\industries-security-companies.html","YES","YES","YES","YES","YES","NO","NO"
"pages\industries-senior-living.html","YES","YES","YES","YES","YES","NO","NO"
"pages\industries-software-companies.html","YES","YES","YES","YES","YES","NO","NO"
"pages\industries-solar-energy.html","YES","YES","YES","YES","YES","NO","NO"
"pages\industries-specialty-practices.html","YES","YES","YES","YES","YES","NO","NO"
"pages\industries-sunglasses-eyewear.html","YES","YES","YES","YES","YES","NO","NO"
"pages\industries-tattoo-shops.html","YES","YES","YES","YES","YES","NO","NO"
"pages\industries-tire-shops.html","YES","YES","YES","YES","YES","NO","NO"
"pages\industries-towing.html","YES","YES","YES","YES","YES","NO","NO"
"pages\industries-transportation.html","YES","YES","YES","YES","YES","NO","NO"
"pages\industries-tree-services.html","YES","YES","YES","YES","YES","NO","NO"
"pages\industries-trucking.html","YES","YES","YES","YES","YES","NO","NO"
"pages\industries-tutoring-centers.html","YES","YES","YES","YES","YES","NO","NO"
"pages\industries-urgent-care.html","YES","YES","YES","YES","YES","NO","NO"
"pages\industries-veterinary-clinics.html","YES","YES","YES","YES","YES","NO","NO"
"pages\industries-videographers.html","YES","YES","YES","YES","YES","NO","NO"
"pages\industries-water-utilities.html","YES","YES","YES","YES","YES","NO","NO"
"pages\industries-wedding-services.html","YES","YES","YES","YES","YES","NO","NO"
"pages\industries-wholesale-distributors.html","YES","YES","YES","YES","YES","NO","NO"
"pages\industries-window-door-companies.html","YES","YES","YES","YES","YES","NO","NO"
"pages\industries-yoga-studios.html","YES","YES","YES","YES","YES","NO","NO"
"pages\industries.html","YES","YES","YES","YES","YES","NO","NO"
"pages\marketing-aeo.html","YES","YES","YES","YES","YES","NO","NO"
"pages\marketing-email-marketing.html","YES","YES","YES","YES","YES","NO","NO"
"pages\marketing-gmb.html","YES","YES","YES","YES","YES","NO","NO"
"pages\marketing-local-listings.html","YES","YES","YES","YES","YES","NO","NO"
"pages\marketing-local-seo.html","YES","YES","YES","YES","YES","NO","NO"
"pages\marketing-national-seo.html","YES","YES","YES","YES","YES","NO","NO"
"pages\marketing-seo.html","YES","YES","YES","YES","YES","NO","NO"
"pages\marketing.html","YES","YES","YES","YES","YES","NO","NO"
"pages\pricing-advertising.html","YES","YES","YES","YES","YES","NO","NO"
"pages\pricing-design.html","YES","YES","YES","YES","YES","NO","NO"
"pages\pricing-marketing.html","YES","YES","YES","YES","YES","NO","NO"
"pages\pricing-packages.html","YES","YES","YES","YES","YES","NO","NO"
"pages\pricing-widgets.html","YES","YES","YES","YES","YES","NO","NO"
"pages\pricing.html","YES","YES","YES","YES","YES","NO","NO"
