"Type","Name","SizeKB"
"HTML","about.html","19.19"
"HTML","about-about-us.html","25.95"
"HTML","about-blog.html","60.23"
"HTML","about-blog-3-tasks-that-help-build-your-digital-marketing-portfolio.html","20.61"
"HTML","about-blog-4-things-that-will-increase-the-load-times-of-your-website.html","21.51"
"HTML","about-blog-5-saas-companies-your-business-should-know-about.html","21.39"
"HTML","about-blog-5-tips-for-making-your-business-virtual.html","23.06"
"HTML","about-blog-5-ways-your-business-data-is-at-risk.html","20.41"
"HTML","about-blog-5-ways-your-web-design-impacts-your-seo.html","22.6"
"HTML","about-blog-advertising-methods-that-can-be-powerful-drivers-of-success.html","20.63"
"HTML","about-blog-a-video-review-by-laura-belgrave.html","19.07"
"HTML","about-blog-common-misunderstandings-businesses-have-about-marketing.html","20.73"
"HTML","about-blog-common-threats-you-need-to-protect-your-website-against.html","24.78"
"HTML","about-blog-creative-outdoor-advertising-methods-you-shouldn-t-miss-out-on.html","20.65"
"HTML","about-blog-domain-names-101.html","21.95"
"HTML","about-blog-features-that-will-help-you-market-your-restaurant-business.html","20.72"
"HTML","about-blog-find-your-perfect-match-best-ai-software-for-small-businesses.html","43.5"
"HTML","about-blog-gain-exposure-for-your-business-with-mapquest-business-listing.html","22.42"
"HTML","about-blog-google-adwords-vs-facebook-ads.html","21.41"
"HTML","about-blog-how-aged-domains-rank-within-search-engines.html","20.79"
"HTML","about-blog-how-customer-service-touches-every-aspect-of-your-business.html","22.42"
"HTML","about-blog-how-effective-is-live-chat-on-your-website.html","21.49"
"HTML","about-blog-how-information-technology-can-assist-with-online-business-success.html","21.71"
"HTML","about-blog-how-local-businesses-can-get-the-word-out-about-their-brands.html","20.68"
"HTML","about-blog-how-small-businesses-can-protect-themselves-from-fraud.html","24.59"
"HTML","about-blog-how-to-achieve-a-greater-roi-on-your-marketing-campaign.html","20.48"
"HTML","about-blog-how-to-become-a-better-problem-solver-in-your-business.html","20.62"
"HTML","about-blog-how-to-build-a-solid-reputation-through-your-marketing-strategy.html","20.97"
"HTML","about-blog-how-to-connect-with-your-customers-and-form-lasting-relationships.html","20.77"
"HTML","about-blog-how-to-earn-the-trust-of-your-customers.html","20.58"
"HTML","about-blog-how-to-get-a-higher-roi-on-your-advertising.html","20.61"
"HTML","about-blog-how-to-get-the-exposure-you-need-for-your-website.html","20.81"
"HTML","about-blog-how-to-make-content-your-customers-will-be-excited-to-read.html","25.24"
"HTML","about-blog-how-to-market-your-restaurant-on-social-media.html","20.85"
"HTML","about-blog-how-to-turn-your-law-practice-into-a-household-name-locally.html","20.35"
"HTML","about-blog-how-to-turn-your-leads-into-reliable-customers.html","20.48"
"HTML","about-blog-how-your-company-can-dominate-a-keyword-on-google.html","20.67"
"HTML","about-blog-i-have-a-business-website-now-what.html","20.56"
"HTML","about-blog-is-wordpress-really-the-best-for-your-business.html","23.36"
"HTML","about-blog-local-seo-best-practices-for-2019-12-things-you-must-know.html","27.25"
"HTML","about-blog-marketing-channels-you-can-t-ignore.html","20.55"
"HTML","about-blog-marketing-strategies-you-should-be-using-more.html","20.54"
"HTML","about-blog-online-video-platforms-every-business-should-be-using.html","20.46"
"HTML","about-blog-personalize-your-website-and-increase-your-business-with-insite.html","21.52"
"HTML","about-blog-responsive-websites-success.html","21.51"
"HTML","about-blog-signs-that-your-business-is-stuck-in-the-past.html","20.41"
"HTML","about-blog-the-battle-of-the-ads-google-vs-bing.html","24.07"
"HTML","about-blog-the-importance-of-social-media-for-your-business.html","24"
"HTML","about-blog-tips-for-encouraging-people-to-return-to-your-website.html","20.56"
"HTML","about-blog-website-features-you-can-t-be-without.html","20.56"
"HTML","about-blog-website-personalization-and-why-is-it-so-important.html","22.8"
"HTML","about-blog-what-customers-value-most-in-a-business.html","20.63"
"HTML","about-blog-what-is-seo-and-why-does-it-matter.html","20.63"
"HTML","about-blog-what-to-know-before-you-partner-with-another-business-to-offer-deals.html","24.13"
"HTML","about-blog-what-types-of-outdoor-advertising-should-you-be-using.html","20.61"
"HTML","about-blog-what-you-need-to-keep-in-mind-when-building-a-new-website.html","20.66"
"HTML","about-blog-why-email-marketing-is-still-important.html","21.73"
"HTML","about-blog-why-java-is-the-language-to-learn-for-digital-marketers.html","21.38"
"HTML","about-blog-why-you-need-to-be-an-expert-in-digital-marketing.html","20.65"
"HTML","about-faq.html","29.31"
"HTML","about-how-to-videos.html","25.23"
"HTML","about-login.html","17.78"
"HTML","about-portfolio.html","194.25"
"HTML","about-portfolio-360-sales-advantage.html","24.78"
"HTML","about-portfolio-abdul-electric.html","24.76"
"HTML","about-portfolio-a-breed-apart-papillons.html","24.77"
"HTML","about-portfolio-absolute-home-care.html","24.73"
"HTML","about-portfolio-absolute-pest-control-services.html","24.81"
"HTML","about-portfolio-a-california-driving-school.html","24.8"
"HTML","about-portfolio-ace-pet-services.html","24.72"
"HTML","about-portfolio-aces-driving-school.html","24.75"
"HTML","about-portfolio-a-dog-s-day-out.html","24.77"
"HTML","about-portfolio-advanced-business-systems.html","24.75"
"HTML","about-portfolio-aid-the-children.html","24.71"
"HTML","about-portfolio-air-techs-hvac.html","24.68"
"HTML","about-portfolio-all-concrete-works-landscaping.html","24.84"
"HTML","about-portfolio-all-go-transportation.html","24.74"
"HTML","about-portfolio-all-star-pizza.html","24.7"
"HTML","about-portfolio-alta-partners.html","24.74"
"HTML","about-portfolio-american-sewer.html","24.75"
"HTML","about-portfolio-andree-hudson-art.html","24.75"
"HTML","about-portfolio-apex-denver-locksmith.html","24.76"
"HTML","about-portfolio-a-pup-s-valley.html","24.76"
"HTML","about-portfolio-ariana-waterfall.html","24.77"
"HTML","about-portfolio-aspire-counseling.html","24.75"
"HTML","about-portfolio-aspire-hope-for-kids.html","24.74"
"HTML","about-portfolio-atlee-care.html","24.68"
"HTML","about-portfolio-axel-medical-transportation.html","24.83"
"HTML","about-portfolio-ay-home-health-care.html","24.73"
"HTML","about-portfolio-barbarians-cave-surf.html","24.82"
"HTML","about-portfolio-barner-moving.html","24.73"
"HTML","about-portfolio-bayou-solar.html","24.7"
"HTML","about-portfolio-beltway-home-inspections.html","24.77"
"HTML","about-portfolio-benefits-matter.html","24.71"
"HTML","about-portfolio-board-game-republic.html","24.78"
"HTML","about-portfolio-brick-house-salon.html","24.75"
"HTML","about-portfolio-bruno-jambor.html","24.72"
"HTML","about-portfolio-budget-control-services.html","24.79"
"HTML","about-portfolio-building-better-transit.html","24.77"
"HTML","about-portfolio-callahan-hayes.html","24.73"
"HTML","about-portfolio-carie-s-posing-suits.html","24.78"
"HTML","about-portfolio-cass-and-company-salon.html","24.77"
"HTML","about-portfolio-castle-rock.html","24.71"
"HTML","about-portfolio-century-tire-inc.html","24.72"
"HTML","about-portfolio-christy-root-designs.html","24.76"
"HTML","about-portfolio-chutney-indian-cuisine.html","24.75"
"HTML","about-portfolio-coastal-homes.html","24.7"
"HTML","about-portfolio-college-planning-coach.html","24.79"
"HTML","about-portfolio-colorado-creditor-bar-association.html","24.8"
"HTML","about-portfolio-cowest-durango.html","24.7"
"HTML","about-portfolio-cowest-insurance-group.html","24.75"
"HTML","about-portfolio-cowest-insurance-service.html","24.76"
"HTML","about-portfolio-crest-pest-control.html","24.74"
"HTML","about-portfolio-ct-gasket.html","24.68"
"HTML","about-portfolio-curved-glass-creations.html","24.76"
"HTML","about-portfolio-dads-of-parker.html","24.73"
"HTML","about-portfolio-d-and-d-machinery-movers.html","24.77"
"HTML","about-portfolio-deannas-papillons.html","24.78"
"HTML","about-portfolio-dental-arts.html","24.67"
"HTML","about-portfolio-dental-sleep-medicine.html","24.73"
"HTML","about-portfolio-dental-sleep-medicine-cranio-facial-pain.html","24.87"
"HTML","about-portfolio-denver-issa.html","24.71"
"HTML","about-portfolio-denver-s-best-heating.html","24.79"
"HTML","about-portfolio-denver-sign-factory.html","24.78"
"HTML","about-portfolio-denver-towing.html","24.73"
"HTML","about-portfolio-desert-empire.html","24.72"
"HTML","about-portfolio-dominion-craftsman-services.html","24.79"
"HTML","about-portfolio-driving-instructor-classes.html","24.79"
"HTML","about-portfolio-dss-by-kat.html","24.7"
"HTML","about-portfolio-dww.html","24.66"
"HTML","about-portfolio-ebony-equines.html","24.72"
"HTML","about-portfolio-edmotnton-heritage-festival.html","24.8"
"HTML","about-portfolio-ed-prevost.html","24.7"
"HTML","about-portfolio-einstein-plumbing.html","24.77"
"HTML","about-portfolio-emergency-locksmith-denver.html","24.79"
"HTML","about-portfolio-empathy-care.html","24.69"
"HTML","about-portfolio-epic-ivy.html","24.69"
"HTML","about-portfolio-epleyer.html","24.69"
"HTML","about-portfolio-esports-epleyer.html","24.71"
"HTML","about-portfolio-e-sports-foundation.html","24.77"
"HTML","about-portfolio-evans-legal-group.html","24.7"
"HTML","about-portfolio-express-shipping-room-supply.html","24.79"
"HTML","about-portfolio-extreme-autoworks.html","24.76"
"HTML","about-portfolio-finding-the-fantastic.html","24.81"
"HTML","about-portfolio-fine-arts-movement.html","24.8"
"HTML","about-portfolio-firm-group.html","24.72"
"HTML","about-portfolio-frameless-shower-door.html","24.8"
"HTML","about-portfolio-fr-bumper-solutions.html","24.73"
"HTML","about-portfolio-front-range-dentures.html","24.77"
"HTML","about-portfolio-future-grasp.html","24.72"
"HTML","about-portfolio-gangle-law-firm.html","24.69"
"HTML","about-portfolio-genius-coaching.html","24.71"
"HTML","about-portfolio-g-g-driving-school.html","24.78"
"HTML","about-portfolio-ghost-town-fitness.html","24.77"
"HTML","about-portfolio-glass-act.html","24.69"
"HTML","about-portfolio-good-water.html","24.69"
"HTML","about-portfolio-granite-state-labradoodles.html","24.78"
"HTML","about-portfolio-great-escape.html","24.72"
"HTML","about-portfolio-great-west-restoration-colorado-agent.html","24.85"
"HTML","about-portfolio-grin-barrett-charity-ride.html","24.83"
"HTML","about-portfolio-has-tag-lab.html","24.71"
"HTML","about-portfolio-haveli-indian-cuisine.html","24.74"
"HTML","about-portfolio-hebert-investigations.html","24.79"
"HTML","about-portfolio-heritage-roofing.html","24.76"
"HTML","about-portfolio-hi-dessert-egg.html","24.73"
"HTML","about-portfolio-homeland-driving-school-cavco-enterprises-inc.html","24.91"
"HTML","about-portfolio-home-pro-chesapeake.html","24.74"
"HTML","about-portfolio-housesketch.html","24.71"
"HTML","about-portfolio-houston-energy-systems.html","24.75"
"HTML","about-portfolio-humbold-couty-fair.html","24.76"
"HTML","about-portfolio-hydro-dynamics.html","24.71"
"HTML","about-portfolio-idt.html","24.65"
"HTML","about-portfolio-implant-excellence.html","24.75"
"HTML","about-portfolio-inland-valley-driving-school.html","24.8"
"HTML","about-portfolio-inquiz-inspections.html","24.73"
"HTML","about-portfolio-insightifi.html","24.71"
"HTML","about-portfolio-integration-design.html","24.8"
"HTML","about-portfolio-ironside-capital.html","24.77"
"HTML","about-portfolio-island-slider-guy.html","24.75"
"HTML","about-portfolio-jack-lewis.html","24.71"
"HTML","about-portfolio-jk-hatcher-homes.html","24.72"
"HTML","about-portfolio-karma-tour-hawaii.html","24.78"
"HTML","about-portfolio-kasco-hvac.html","24.66"
"HTML","about-portfolio-kenyon-homecare-consulting.html","24.82"
"HTML","about-portfolio-kinetico-denver.html","24.7"
"HTML","about-portfolio-kramarz-law.html","24.63"
"HTML","about-portfolio-lake-elsinore-driving-school.html","24.8"
"HTML","about-portfolio-liberty-lake-smile-source.html","24.74"
"HTML","about-portfolio-light-of-mine.html","24.72"
"HTML","about-portfolio-linda-wang.html","24.71"
"HTML","about-portfolio-little-caesars-pueblo.html","24.75"
"HTML","about-portfolio-lower-lake-ranch.html","24.75"
"HTML","about-portfolio-manor-house-apartments.html","24.78"
"HTML","about-portfolio-master-craft.html","24.7"
"HTML","about-portfolio-m-communications.html","24.8"
"HTML","about-portfolio-mdt-transit.html","24.69"
"HTML","about-portfolio-meadow-hills.html","24.72"
"HTML","about-portfolio-meditouch.html","24.68"
"HTML","about-portfolio-mehak-denver.html","24.69"
"HTML","about-portfolio-mehak-india-s-aroma.html","24.74"
"HTML","about-portfolio-menifee-driving-school.html","24.77"
"HTML","about-portfolio-midwest-appliance-and-hvac.html","24.75"
"HTML","about-portfolio-mile-high-books.html","24.71"
"HTML","about-portfolio-mindful-minds-psychiatry.html","24.76"
"HTML","about-portfolio-mississippi-valley-fair.html","24.77"
"HTML","about-portfolio-miyazaki-dental.html","24.69"
"HTML","about-portfolio-molly-mulligan.html","24.73"
"HTML","about-portfolio-mountain-peak-law-group-llc.html","24.76"
"HTML","about-portfolio-mountain-west-law-group.html","24.74"
"HTML","about-portfolio-mrad.html","24.68"
"HTML","about-portfolio-murrieta-driving-school.html","24.77"
"HTML","about-portfolio-niagra-designs.html","24.76"
"HTML","about-portfolio-nirvana-indian-cuisine.html","24.74"
"HTML","about-portfolio-nola-water.html","24.69"
"HTML","about-portfolio-obairagency.html","24.71"
"HTML","about-portfolio-okunade.html","24.71"
"HTML","about-portfolio-onestop-home-health-care.html","24.76"
"HTML","about-portfolio-optimal-homecare.html","24.76"
"HTML","about-portfolio-optimal-hospice.html","24.71"
"HTML","about-portfolio-palm-bay-power-equipment.html","24.75"
"HTML","about-portfolio-pantera-homes.html","24.7"
"HTML","about-portfolio-parkingboxx.html","24.71"
"HTML","about-portfolio-parking-payment-validation-reservations.html","24.89"
"HTML","about-portfolio-partner-forces.html","24.76"
"HTML","about-portfolio-paw-power-agility-equipment.html","24.79"
"HTML","about-portfolio-peace-of-mind-pest-services.html","24.79"
"HTML","about-portfolio-peakview-dental.html","24.69"
"HTML","about-portfolio-perthes.html","24.71"
"HTML","about-portfolio-pest-magic.html","24.69"
"HTML","about-portfolio-phase-contracting.html","24.77"
"HTML","about-portfolio-photophobic-society-of-america.html","24.79"
"HTML","about-portfolio-platinum-registration.html","24.79"
"HTML","about-portfolio-pompano-glass.html","24.71"
"HTML","about-portfolio-pork-chop-s-truck-and-auto.html","24.79"
"HTML","about-portfolio-pride-swagger.html","24.79"
"HTML","about-portfolio-prosthoodontic-dentures.html","24.77"
"HTML","about-portfolio-redline-construction.html","24.79"
"HTML","about-portfolio-roof-ready.html","24.69"
"HTML","about-portfolio-roots-brew.html","24.74"
"HTML","about-portfolio-rostron-dental.html","24.72"
"HTML","about-portfolio-sage-restaurant.html","24.71"
"HTML","about-portfolio-salinas-valley-fair.html","24.76"
"HTML","about-portfolio-signal-driving-traffic-schools.html","24.83"
"HTML","about-portfolio-skin-care-essentials.html","24.73"
"HTML","about-portfolio-smart-cell-phone-parts.html","24.77"
"HTML","about-portfolio-smart-wireless-parts.html","24.76"
"HTML","about-portfolio-southhall-investments.html","24.83"
"HTML","about-portfolio-speak-clear-communications.html","24.82"
"HTML","about-portfolio-spector-law.html","24.67"
"HTML","about-portfolio-spring-fresh.html","24.72"
"HTML","about-portfolio-stanleyview-home-care.html","24.75"
"HTML","about-portfolio-stephanie-ascari.html","24.74"
"HTML","about-portfolio-style-savy-designs.html","24.78"
"HTML","about-portfolio-sukoon.html","24.68"
"HTML","about-portfolio-summit-graphics.html","24.74"
"HTML","about-portfolio-sunday-driving-school.html","24.81"
"HTML","about-portfolio-superior-showers.html","24.72"
"HTML","about-portfolio-sushi-co.html","24.7"
"HTML","about-portfolio-tadka-indian-cuisine.html","24.73"
"HTML","about-portfolio-tala-wellness.html","24.7"
"HTML","about-portfolio-temecula-driving-school.html","24.82"
"HTML","about-portfolio-the-executive-center.html","24.78"
"HTML","about-portfolio-the-point.html","24.72"
"HTML","about-portfolio-the-smilist.html","24.69"
"HTML","about-portfolio-thompson-water-media.html","24.75"
"HTML","about-portfolio-tipping-hat.html","24.71"
"HTML","about-portfolio-total-wellness-group.html","24.74"
"HTML","about-portfolio-treasure-valley-driving-school.html","24.85"
"HTML","about-portfolio-trevey.html","24.68"
"HTML","about-portfolio-tropical-remodel-solutions.html","24.78"
"HTML","about-portfolio-turf-magic.html","24.69"
"HTML","about-portfolio-us-green.html","24.68"
"HTML","about-portfolio-vacation-rentals.html","24.72"
"HTML","about-portfolio-vip-driving-schools.html","24.75"
"HTML","about-portfolio-vi-talderm-md.html","24.74"
"HTML","about-portfolio-wake-heating-and-air.html","24.72"
"HTML","about-portfolio-washington-dental.html","24.71"
"HTML","about-portfolio-way-cool-gaming.html","24.75"
"HTML","about-portfolio-winston-c-throgmorton.html","24.81"
"HTML","about-portfolio-your-college-planning-coach.html","24.78"
"HTML","about-portfolio-yuma-airshow.html","24.72"
"HTML","about-portfolio-zaika-broomfield.html","24.72"
"HTML","about-portfolio-zaika-castle-rock.html","24.72"
"HTML","about-portfolio-zaika-colorado-springs.html","24.73"
"HTML","about-portfolio-zaika-express.html","24.7"
"HTML","about-portfolio-zaika-indian-cuisine.html","24.74"
"HTML","about-portfolio-zaika-littleton.html","24.71"
"HTML","about-portfolio-z-xg.html","24.65"
"HTML","about-website-knowledge-base.html","78.29"
"HTML","about-website-knowledge-base-dashboard-and-account-overview-account-dashboard.html","19.33"
"HTML","about-website-knowledge-base-dashboard-and-account-overview-account-settings.html","19.33"
"HTML","about-website-knowledge-base-dashboard-and-account-overview-export-site-list-to-csv.html","19.37"
"HTML","about-website-knowledge-base-dashboard-and-account-overview-save-views-of-site-list.html","19.37"
"HTML","about-website-knowledge-base-dashboard-and-account-overview-site-dashboard.html","19.31"
"HTML","about-website-knowledge-base-dashboard-and-account-overview-site-dashboard-site-audit.html","19.4"
"HTML","about-website-knowledge-base-native-ecommerce-bookings-bookings-overview.html","18.81"
"HTML","about-website-knowledge-base-native-ecommerce-bookings-manage-bookings.html","18.8"
"HTML","about-website-knowledge-base-native-ecommerce-bookings-set-up-bookings.html","18.8"
"HTML","about-website-knowledge-base-native-ecommerce-customer-management-abandoned-carts-in-native-store.html","19.06"
"HTML","about-website-knowledge-base-native-ecommerce-customer-management-native-store-emails.html","18.98"
"HTML","about-website-knowledge-base-native-ecommerce-customer-management-site-contacts-in-native-store.html","19.04"
"HTML","about-website-knowledge-base-native-ecommerce-payment-taxes-and-orders-orders-in-native-store.html","19.02"
"HTML","about-website-knowledge-base-native-ecommerce-payment-taxes-and-orders-payment-in-native-store.html","19.03"
"HTML","about-website-knowledge-base-native-ecommerce-payment-taxes-and-orders-taxes-in-native-store.html","19.02"
"HTML","about-website-knowledge-base-native-ecommerce-products-and-services-google-merchant-center-for-native-store.html","19.46"
"HTML","about-website-knowledge-base-native-ecommerce-products-and-services-import-export-and-update-products-in-native-store.html","19.55"
"HTML","about-website-knowledge-base-native-ecommerce-products-and-services-products-in-native-store.html","19.36"
"HTML","about-website-knowledge-base-native-ecommerce-products-and-services-subscriptions-in-native-store.html","19.4"
"HTML","about-website-knowledge-base-native-ecommerce-shipping-pickup-and-delivery-shipping-and-pickup-in-native-store.html","18.37"
"HTML","about-website-knowledge-base-native-ecommerce-store-set-up-and-overview-add-or-remove-native-store.html","19.79"
"HTML","about-website-knowledge-base-native-ecommerce-store-set-up-and-overview-how-do-i-know-if-i-am-using-native-ecommerce-or-third-party-ecommerce.html","20.09"
"HTML","about-website-knowledge-base-native-ecommerce-store-set-up-and-overview-how-to-create-an-online-store-with-native-ecommerce.html","19.96"
"HTML","about-website-knowledge-base-native-ecommerce-store-set-up-and-overview-native-ecommerce-and-third-party-ecommerce-comparison.html","19.97"
"HTML","about-website-knowledge-base-native-ecommerce-store-set-up-and-overview-native-store-business-information.html","19.8"
"HTML","about-website-knowledge-base-native-ecommerce-store-set-up-and-overview-native-store-overview.html","19.75"
"HTML","about-website-knowledge-base-third-party-ecommerce-add-and-manage-products-or-services-add-and-edit-products-in-the-store-third-party-store.html","20.21"
"HTML","about-website-knowledge-base-third-party-ecommerce-add-and-manage-products-or-services-add-and-manage-products-or-services.html","20.08"
"HTML","about-website-knowledge-base-third-party-ecommerce-add-and-manage-products-or-services-import-products-faqs-and-troubleshooting-third-party-store.html","20.25"
"HTML","about-website-knowledge-base-third-party-ecommerce-add-and-manage-products-or-services-import-products-to-your-store-third-party-store.html","20.18"
"HTML","about-website-knowledge-base-third-party-ecommerce-add-and-manage-products-or-services-lowest-product-price-before-discounting-third-party-store.html","20.25"
"HTML","about-website-knowledge-base-third-party-ecommerce-add-and-manage-products-or-services-product-options-third-party-store.html","20.03"
"HTML","about-website-knowledge-base-third-party-ecommerce-manage-customers-add-a-store-login-third-party-store.html","19.81"
"HTML","about-website-knowledge-base-third-party-ecommerce-manage-customers-customer-groups-third-party-store.html","19.79"
"HTML","about-website-knowledge-base-third-party-ecommerce-manage-customers-email-notifications-third-party-store.html","19.82"
"HTML","about-website-knowledge-base-third-party-ecommerce-manage-customers-request-customer-approval-for-promo-emails-third-party-store.html","19.98"
"HTML","about-website-knowledge-base-third-party-ecommerce-manage-customers-send-automated-marketing-emails-third-party-store.html","19.9"
"HTML","about-website-knowledge-base-third-party-ecommerce-manage-customers-strong-customer-authentication-sca-third-party-store.html","19.95"
"HTML","about-website-knowledge-base-third-party-ecommerce-payments-and-orders-about-payment-options-third-party-store.html","19.74"
"HTML","about-website-knowledge-base-third-party-ecommerce-payments-and-orders-edit-orders-third-party-store.html","19.68"
"HTML","about-website-knowledge-base-third-party-ecommerce-payments-and-orders-offline-payments-third-party-store.html","19.71"
"HTML","about-website-knowledge-base-third-party-ecommerce-payments-and-orders-online-payments-third-party-store.html","19.7"
"HTML","about-website-knowledge-base-third-party-ecommerce-payments-and-orders-orders-third-party-store.html","19.64"
"HTML","about-website-knowledge-base-third-party-ecommerce-payments-and-orders-payments-and-orders.html","19.59"
"HTML","about-website-knowledge-base-third-party-ecommerce-sales-channels-and-reports-basic-reports-and-sales-stats-third-party-store.html","19.97"
"HTML","about-website-knowledge-base-third-party-ecommerce-sales-channels-and-reports-connect-product-catalog-to-tiktok-third-party-store.html","20"
"HTML","about-website-knowledge-base-third-party-ecommerce-sales-channels-and-reports-marketplaces-third-party-store.html","19.85"
"HTML","about-website-knowledge-base-third-party-ecommerce-sales-channels-and-reports-reconnect-facebook-to-store-third-party-store.html","19.98"
"HTML","about-website-knowledge-base-third-party-ecommerce-sales-channels-and-reports-sell-on-facebook-third-party-store.html","19.88"
"HTML","about-website-knowledge-base-third-party-ecommerce-sales-channels-and-reports-store-app-market-third-party-store.html","19.88"
"HTML","about-website-knowledge-base-third-party-ecommerce-shipping-and-delivery-buy-and-print-shipping-labels-third-party-store.html","19.84"
"HTML","about-website-knowledge-base-third-party-ecommerce-shipping-and-delivery-inventory-tracking-third-party-store.html","19.74"
"HTML","about-website-knowledge-base-third-party-ecommerce-shipping-and-delivery-shipping-and-delivery.html","19.64"
"HTML","about-website-knowledge-base-third-party-ecommerce-shipping-and-delivery-shipping-faqs-third-party-store.html","19.73"
"HTML","about-website-knowledge-base-third-party-ecommerce-shipping-and-delivery-shipping-options-third-party-store.html","19.75"
"HTML","about-website-knowledge-base-third-party-ecommerce-shipping-and-delivery-shipping-third-party-store.html","19.69"
"HTML","about-website-knowledge-base-third-party-ecommerce-store-overview-and-set-up-ecommerce-faqs-third-party-store.html","19.79"
"HTML","about-website-knowledge-base-third-party-ecommerce-store-overview-and-set-up-ecommerce-getting-started-third-party-store.html","19.88"
"HTML","about-website-knowledge-base-third-party-ecommerce-store-overview-and-set-up-how-to-add-a-store-third-party-store.html","19.82"
"HTML","about-website-knowledge-base-third-party-ecommerce-store-overview-and-set-up-remove-free-demo-store-third-party-store.html","19.87"
"HTML","about-website-knowledge-base-third-party-ecommerce-store-overview-and-set-up-store-overview-and-set-up.html","19.73"
"HTML","about-website-knowledge-base-third-party-ecommerce-store-overview-and-set-up-store-plans-third-party-store.html","19.77"
"HTML","about-website-knowledge-base-website-builder-ai-tools-ai-assistant-for-the-text-editor.html","19.44"
"HTML","about-website-knowledge-base-website-builder-ai-tools-ai-tools-overview.html","19.34"
"HTML","about-website-knowledge-base-website-builder-ai-tools-create-a-flex-section-with-ai.html","19.42"
"HTML","about-website-knowledge-base-website-builder-ai-tools-generate-a-site-with-ai.html","19.38"
"HTML","about-website-knowledge-base-website-builder-ai-tools-generate-seo-content-with-ai.html","19.42"
"HTML","about-website-knowledge-base-website-builder-ai-tools-how-to-write-effective-ai-prompts.html","19.47"
"HTML","about-website-knowledge-base-website-builder-bookings-bookings-faqs.html","19.21"
"HTML","about-website-knowledge-base-website-builder-bookings-bookings-overview.html","19.24"
"HTML","about-website-knowledge-base-website-builder-bookings-manage-bookings.html","19.23"
"HTML","about-website-knowledge-base-website-builder-bookings-set-up-bookings.html","19.23"
"HTML","about-website-knowledge-base-website-builder-bookings-uninstall-bookings.html","19.25"
"HTML","about-website-knowledge-base-website-builder-connected-data-and-dynamic-pages-dynamic-content-airtable-collections.html","19.83"
"HTML","about-website-knowledge-base-website-builder-connected-data-and-dynamic-pages-dynamic-content-business-info-text-and-images.html","19.9"
"HTML","about-website-knowledge-base-website-builder-connected-data-and-dynamic-pages-dynamic-content-collections.html","19.77"
"HTML","about-website-knowledge-base-website-builder-connected-data-and-dynamic-pages-dynamic-content-collections-for-regular-pages.html","19.91"
"HTML","about-website-knowledge-base-website-builder-connected-data-and-dynamic-pages-dynamic-content-display-and-navigation-options-for-collection-records.html","20.12"
"HTML","about-website-knowledge-base-website-builder-connected-data-and-dynamic-pages-dynamic-content-dynamic-pages.html","19.78"
"HTML","about-website-knowledge-base-website-builder-connected-data-and-dynamic-pages-dynamic-content-external-collections.html","19.83"
"HTML","about-website-knowledge-base-website-builder-connected-data-and-dynamic-pages-dynamic-content-google-sheets-collections.html","19.87"
"HTML","about-website-knowledge-base-website-builder-connected-data-and-dynamic-pages-dynamic-content-internal-collections.html","19.83"
"HTML","about-website-knowledge-base-website-builder-connected-data-and-dynamic-pages-dynamic-content-overview.html","19.74"
"HTML","about-website-knowledge-base-website-builder-connected-data-and-dynamic-pages-internal-collections-import-records-from-a-csv.html","19.92"
"HTML","about-website-knowledge-base-website-builder-content-business-data.html","19.29"
"HTML","about-website-knowledge-base-website-builder-content-color-picker.html","19.23"
"HTML","about-website-knowledge-base-website-builder-content-element-backgrounds.html","19.29"
"HTML","about-website-knowledge-base-website-builder-content-image-editor.html","19.23"
"HTML","about-website-knowledge-base-website-builder-content-import-and-collect-content.html","19.38"
"HTML","about-website-knowledge-base-website-builder-content-media-guidelines-and-specifications.html","19.44"
"HTML","about-website-knowledge-base-website-builder-content-media-manager-libraries-and-pickers.html","19.45"
"HTML","about-website-knowledge-base-website-builder-content-media-panel.html","19.27"
"HTML","about-website-knowledge-base-website-builder-content-media-terms-and-licensing.html","19.35"
"HTML","about-website-knowledge-base-website-builder-edit-on-the-go-backup-publish-re-publish-and-unpublish-on-mobile.html","19.67"
"HTML","about-website-knowledge-base-website-builder-edit-on-the-go-edit-click-to-call-and-click-to-email-on-mobile.html","19.63"
"HTML","about-website-knowledge-base-website-builder-edit-on-the-go-edit-image-slider-and-photo-gallery-widgets-on-mobile.html","19.68"
"HTML","about-website-knowledge-base-website-builder-edit-on-the-go-edit-image-widgets-on-mobile.html","19.51"
"HTML","about-website-knowledge-base-website-builder-edit-on-the-go-edit-on-the-go.html","19.42"
"HTML","about-website-knowledge-base-website-builder-edit-on-the-go-edit-sites-on-a-tablet.html","19.41"
"HTML","about-website-knowledge-base-website-builder-edit-on-the-go-select-and-add-images-on-mobile.html","19.49"
"HTML","about-website-knowledge-base-website-builder-edit-on-the-go-site-stats-on-mobile.html","19.46"
"HTML","about-website-knowledge-base-website-builder-edit-on-the-go-use-the-dashboard-on-mobile.html","19.5"
"HTML","about-website-knowledge-base-website-builder-editor-blog.html","19.21"
"HTML","about-website-knowledge-base-website-builder-editor-canvas-actions-and-options.html","19.4"
"HTML","about-website-knowledge-base-website-builder-editor-custom-code.html","19.27"
"HTML","about-website-knowledge-base-website-builder-editor-design-with-flexbox-technology.html","19.44"
"HTML","about-website-knowledge-base-website-builder-editor-editor-overview.html","19.35"
"HTML","about-website-knowledge-base-website-builder-editor-editor-versions.html","19.35"
"HTML","about-website-knowledge-base-website-builder-editor-features-only-available-in-editor-2-0.html","19.5"
"HTML","about-website-knowledge-base-website-builder-editor-how-to-identify-the-editor-version-your-site-uses.html","19.58"
"HTML","about-website-knowledge-base-website-builder-editor-keyboard-shortcuts.html","19.33"
"HTML","about-website-knowledge-base-website-builder-editor-launching-your-site-checklist.html","19.43"
"HTML","about-website-knowledge-base-website-builder-editor-manage-elements.html","19.31"
"HTML","about-website-knowledge-base-website-builder-editor-outer-and-inner-spacing.html","19.38"
"HTML","about-website-knowledge-base-website-builder-editor-screen-sizes-and-devices.html","19.39"
"HTML","about-website-knowledge-base-website-builder-editor-side-panel-improvements-in-the-editor.html","19.5"
"HTML","about-website-knowledge-base-website-builder-editor-site-comments.html","19.29"
"HTML","about-website-knowledge-base-website-builder-editor-site-theme.html","19.26"
"HTML","about-website-knowledge-base-website-builder-editor-system-requirements.html","19.34"
"HTML","about-website-knowledge-base-website-builder-header-and-footer-footer.html","18.53"
"HTML","about-website-knowledge-base-website-builder-header-and-footer-headers.html","18.54"
"HTML","about-website-knowledge-base-website-builder-pages-and-popups-custom-access-membership.html","19.38"
"HTML","about-website-knowledge-base-website-builder-pages-and-popups-membership.html","19.26"
"HTML","about-website-knowledge-base-website-builder-pages-and-popups-pages.html","19.22"
"HTML","about-website-knowledge-base-website-builder-pages-and-popups-personalization-rules.html","19.33"
"HTML","about-website-knowledge-base-website-builder-pages-and-popups-popups.html","19.23"
"HTML","about-website-knowledge-base-website-builder-pages-and-popups-single-page-management.html","19.34"
"HTML","about-website-knowledge-base-website-builder-pages-and-popups-taxes-for-membership.html","19.35"
"HTML","about-website-knowledge-base-website-builder-publishing-sites-configure-alternate-domains.html","19.04"
"HTML","about-website-knowledge-base-website-builder-publishing-sites-make-your-site-live-initial-steps-and-dns-record-setup.html","19.23"
"HTML","about-website-knowledge-base-website-builder-publishing-sites-unpublish-a-site.html","18.96"
"HTML","about-website-knowledge-base-website-builder-site-settings-and-performance-add-and-manage-multiple-languages.html","19.7"
"HTML","about-website-knowledge-base-website-builder-site-settings-and-performance-backup-sites.html","19.49"
"HTML","about-website-knowledge-base-website-builder-site-settings-and-performance-built-in-site-optimization.html","19.61"
"HTML","about-website-knowledge-base-website-builder-site-settings-and-performance-connect-and-sync-your-google-business-profile.html","19.78"
"HTML","about-website-knowledge-base-website-builder-site-settings-and-performance-core-web-vitals.html","19.52"
"HTML","about-website-knowledge-base-website-builder-site-settings-and-performance-core-web-vitals-best-practices-site-performance-and-optimization.html","19.96"
"HTML","about-website-knowledge-base-website-builder-site-settings-and-performance-core-web-vitals-faqs.html","19.56"
"HTML","about-website-knowledge-base-website-builder-site-settings-and-performance-facebook-tracking-pixels.html","19.59"
"HTML","about-website-knowledge-base-website-builder-site-settings-and-performance-general-data-protection-regulation-gdpr-compliance-information-and-resources.html","20.07"
"HTML","about-website-knowledge-base-website-builder-site-settings-and-performance-google-tools.html","19.55"
"HTML","about-website-knowledge-base-website-builder-site-settings-and-performance-indexnow.html","19.45"
"HTML","about-website-knowledge-base-website-builder-site-settings-and-performance-lighthouse-and-core-web-vitals-comparison.html","19.74"
"HTML","about-website-knowledge-base-website-builder-site-settings-and-performance-load-site-in-an-iframe.html","19.58"
"HTML","about-website-knowledge-base-website-builder-site-settings-and-performance-privacy-settings.html","19.52"
"HTML","about-website-knowledge-base-website-builder-site-settings-and-performance-progressive-web-app-pwa.html","19.6"
"HTML","about-website-knowledge-base-website-builder-site-settings-and-performance-schema-markup.html","19.5"
"HTML","about-website-knowledge-base-website-builder-site-settings-and-performance-security-measures.html","19.53"
"HTML","about-website-knowledge-base-website-builder-site-settings-and-performance-seo-key-concepts-and-tools.html","19.62"
"HTML","about-website-knowledge-base-website-builder-site-settings-and-performance-set-a-default-site-language.html","19.66"
"HTML","about-website-knowledge-base-website-builder-site-settings-and-performance-site-configuration-files.html","19.59"
"HTML","about-website-knowledge-base-website-builder-site-settings-and-performance-site-icons.html","19.47"
"HTML","about-website-knowledge-base-website-builder-site-settings-and-performance-site-performance-and-optimization.html","19.67"
"HTML","about-website-knowledge-base-website-builder-site-settings-and-performance-site-seo-aeo-settings.html","19.57"
"HTML","about-website-knowledge-base-website-builder-site-settings-and-performance-site-settings.html","19.56"
"HTML","about-website-knowledge-base-website-builder-site-settings-and-performance-ssls-https.html","19.49"
"HTML","about-website-knowledge-base-website-builder-site-settings-and-performance-the-california-consumer-privacy-act-of-2018-ccpa-compliance-information-and-resources.html","20.15"
"HTML","about-website-knowledge-base-website-builder-site-settings-and-performance-url-redirects.html","19.5"
"HTML","about-website-knowledge-base-widgets-advanced-widgets-widgets-advanced-accordion.html","19.15"
"HTML","about-website-knowledge-base-widgets-advanced-widgets-widgets-advanced-forms.html","19.12"
"HTML","about-website-knowledge-base-widgets-advanced-widgets-widgets-advanced-tabs.html","19.12"
"HTML","about-website-knowledge-base-widgets-advanced-widgets-widgets-html.html","19.05"
"HTML","about-website-knowledge-base-widgets-basic-widgets-mega-menu.html","19.2"
"HTML","about-website-knowledge-base-widgets-basic-widgets-widgets-accordion.html","19.29"
"HTML","about-website-knowledge-base-widgets-basic-widgets-widgets-breadcrumbs.html","19.3"
"HTML","about-website-knowledge-base-widgets-basic-widgets-widgets-button.html","19.27"
"HTML","about-website-knowledge-base-widgets-basic-widgets-widgets-copyright.html","19.28"
"HTML","about-website-knowledge-base-widgets-basic-widgets-widgets-countdown.html","19.28"
"HTML","about-website-knowledge-base-widgets-basic-widgets-widgets-file-download-a-file-button.html","19.46"
"HTML","about-website-knowledge-base-widgets-basic-widgets-widgets-hamburger-menu.html","19.32"
"HTML","about-website-knowledge-base-widgets-basic-widgets-widgets-icon.html","19.24"
"HTML","about-website-knowledge-base-widgets-basic-widgets-widgets-list.html","19.24"
"HTML","about-website-knowledge-base-widgets-basic-widgets-widgets-navigation-links.html","19.34"
"HTML","about-website-knowledge-base-widgets-basic-widgets-widgets-spacer.html","19.26"
"HTML","about-website-knowledge-base-widgets-basic-widgets-widgets-table.html","19.25"
"HTML","about-website-knowledge-base-widgets-basic-widgets-widgets-tabs.html","19.24"
"HTML","about-website-knowledge-base-widgets-basic-widgets-widgets-text-and-titles-headings.html","19.4"
"HTML","about-website-knowledge-base-widgets-basic-widgets-widgets-text-image.html","19.34"
"HTML","about-website-knowledge-base-widgets-business-widgets-widgets-business-hours.html","19.35"
"HTML","about-website-knowledge-base-widgets-business-widgets-widgets-click-to-call.html","19.34"
"HTML","about-website-knowledge-base-widgets-business-widgets-widgets-click-to-email.html","19.35"
"HTML","about-website-knowledge-base-widgets-business-widgets-widgets-contact-forms.html","19.34"
"HTML","about-website-knowledge-base-widgets-business-widgets-widgets-coupons.html","19.3"
"HTML","about-website-knowledge-base-widgets-business-widgets-widgets-google-calendar.html","19.37"
"HTML","about-website-knowledge-base-widgets-business-widgets-widgets-map.html","19.26"
"HTML","about-website-knowledge-base-widgets-business-widgets-widgets-multi-location.html","19.36"
"HTML","about-website-knowledge-base-widgets-business-widgets-widgets-online-scheduling-vcita.html","19.46"
"HTML","about-website-knowledge-base-widgets-business-widgets-widgets-opentable-reservation-button.html","19.5"
"HTML","about-website-knowledge-base-widgets-business-widgets-widgets-paypal-button.html","19.35"
"HTML","about-website-knowledge-base-widgets-business-widgets-widgets-restaurant-menu.html","19.37"
"HTML","about-website-knowledge-base-widgets-business-widgets-widgets-yelp-reviews.html","19.34"
"HTML","about-website-knowledge-base-widgets-business-widgets-widgets-zoom.html","19.27"
"HTML","about-website-knowledge-base-widgets-media-widgets-media-widgets-photo-gallery.html","19.34"
"HTML","about-website-knowledge-base-widgets-media-widgets-widgets-audio.html","19.24"
"HTML","about-website-knowledge-base-widgets-media-widgets-widgets-before-after.html","19.33"
"HTML","about-website-knowledge-base-widgets-media-widgets-widgets-image.html","19.24"
"HTML","about-website-knowledge-base-widgets-media-widgets-widgets-image-slider.html","19.28"
"HTML","about-website-knowledge-base-widgets-media-widgets-widgets-lottie-animation.html","19.31"
"HTML","about-website-knowledge-base-widgets-media-widgets-widgets-media-slider.html","19.28"
"HTML","about-website-knowledge-base-widgets-media-widgets-widgets-shape.html","19.21"
"HTML","about-website-knowledge-base-widgets-media-widgets-widgets-video.html","19.21"
"HTML","about-website-knowledge-base-widgets-social-widgets-widgets-disqus-comments.html","19.34"
"HTML","about-website-knowledge-base-widgets-social-widgets-widgets-facebook-comments.html","19.36"
"HTML","about-website-knowledge-base-widgets-social-widgets-widgets-facebook-feed.html","19.33"
"HTML","about-website-knowledge-base-widgets-social-widgets-widgets-facebook-like.html","19.33"
"HTML","about-website-knowledge-base-widgets-social-widgets-widgets-rss-feeds.html","19.3"
"HTML","about-website-knowledge-base-widgets-social-widgets-widgets-social-icons.html","19.33"
"HTML","about-website-knowledge-base-widgets-widget-overview-blog-widgets-all-posts-and-recent-posts.html","19.29"
"HTML","about-website-knowledge-base-widgets-widget-overview-blog-widgets-search-posts.html","19.18"
"HTML","about-website-knowledge-base-widgets-widget-overview-link-picker.html","19.07"
"HTML","about-website-knowledge-base-widgets-widget-overview-widgets-library-and-overview.html","19.2"
"HTML","about-widget-knowledge-base.html","49.07"
"HTML","about-widget-knowledge-base-3d-carousel-widget.html","19.35"
"HTML","about-widget-knowledge-base-ada-accessibility-widget.html","19.28"
"HTML","about-widget-knowledge-base-advanced-image-slider-widget.html","19.41"
"HTML","about-widget-knowledge-base-age-verification-widget.html","19.14"
"HTML","about-widget-knowledge-base-animate-content-widget.html","19.54"
"HTML","about-widget-knowledge-base-back-to-top-widget.html","19.37"
"HTML","about-widget-knowledge-base-bottom-menu-widget.html","19.11"
"HTML","about-widget-knowledge-base-calendar-widget.html","19.17"
"HTML","about-widget-knowledge-base-carousel-slider-widget.html","19.51"
"HTML","about-widget-knowledge-base-click-to-text-widget.html","19.17"
"HTML","about-widget-knowledge-base-clock-widget.html","19.1"
"HTML","about-widget-knowledge-base-collapsible-boxes-widget.html","19.31"
"HTML","about-widget-knowledge-base-comparison-slider-widget.html","19.65"
"HTML","about-widget-knowledge-base-countdown-clock-widget.html","19.16"
"HTML","about-widget-knowledge-base-count-up-widget.html","19.47"
"HTML","about-widget-knowledge-base-current-date-widget.html","19.09"
"HTML","about-widget-knowledge-base-dropdown-selector-widget.html","19.2"
"HTML","about-widget-knowledge-base-duda-api-widget.html","19.86"
"HTML","about-widget-knowledge-base-duda-templates-widget.html","19.74"
"HTML","about-widget-knowledge-base-elastic-search-widget.html","19.88"
"HTML","about-widget-knowledge-base-eventbrite-events-widget.html","19.17"
"HTML","about-widget-knowledge-base-facebook-feed-widget.html","19.1"
"HTML","about-widget-knowledge-base-facebook-messenger-widget.html","19.09"
"HTML","about-widget-knowledge-base-filter-photo-gallery-widget.html","19.45"
"HTML","about-widget-knowledge-base-flip-book-widget.html","19.22"
"HTML","about-widget-knowledge-base-google-calendar-widget.html","19.12"
"HTML","about-widget-knowledge-base-google-reviews-widget.html","19.49"
"HTML","about-widget-knowledge-base-hover-image-widget.html","19.56"
"HTML","about-widget-knowledge-base-image-shapes-widget.html","19.15"
"HTML","about-widget-knowledge-base-interactive-map-widget.html","18.71"
"HTML","about-widget-knowledge-base-mega-menus-widget.html","19.56"
"HTML","about-widget-knowledge-base-popup-carousel-widget.html","19.29"
"HTML","about-widget-knowledge-base-price-slider-widget.html","19.48"
"HTML","about-widget-knowledge-base-pricing-table-widget.html","19.44"
"HTML","about-widget-knowledge-base-product-slider-widget.html","19.18"
"HTML","about-widget-knowledge-base-property-listing-widget.html","18.73"
"HTML","about-widget-knowledge-base-section-separator-widget.html","19.62"
"HTML","about-widget-knowledge-base-side-menu-widget.html","19.06"
"HTML","about-widget-knowledge-base-social-share-widget.html","19.11"
"HTML","about-widget-knowledge-base-sticky-button-widget.html","19.3"
"HTML","about-widget-knowledge-base-sticky-social-icons-widget.html","19.05"
"HTML","about-widget-knowledge-base-store-finder-widget.html","19.35"
"HTML","about-widget-knowledge-base-store-location-widget.html","19.23"
"HTML","about-widget-knowledge-base-stripe-payment-widget.html","19.81"
"HTML","about-widget-knowledge-base-table-creator-widget.html","19.29"
"HTML","about-widget-knowledge-base-tabs-layout-widget.html","19.44"
"HTML","about-widget-knowledge-base-tab-slider-widget.html","19.5"
"HTML","about-widget-knowledge-base-testimonial-slider-widget.html","19.38"
"HTML","about-widget-knowledge-base-twitter-feed-widget.html","19.08"
"HTML","about-widget-knowledge-base-typewriter-text-widget.html","19.35"
"HTML","about-widget-knowledge-base-video-carousel-widget.html","19.18"
"HTML","about-widget-knowledge-base-video-grid-widget.html","19.27"
"HTML","addons.html","18.44"
"HTML","addons-domain-names.html","18.91"
"HTML","addons-professional-email.html","20.17"
"HTML","addons-website-app-store.html","93.93"
"HTML","addons-website-app-store-abandoned-cart-recovery-by-monto.html","22.95"
"HTML","addons-website-app-store-accessibility-by-audioeye.html","21.86"
"HTML","addons-website-app-store-accessibility-by-userway.html","21.77"
"HTML","addons-website-app-store-affiliates-by-monto.html","23.12"
"HTML","addons-website-app-store-agentz-ai.html","23.31"
"HTML","addons-website-app-store-age-verification-age-gate-18.html","22.38"
"HTML","addons-website-app-store-all-in-one-widget-suite.html","21.62"
"HTML","addons-website-app-store-amp-faster-websites.html","22.68"
"HTML","addons-website-app-store-announcements-changelog.html","22.43"
"HTML","addons-website-app-store-audio-player.html","20.91"
"HTML","addons-website-app-store-automated-customer-reviews.html","23.34"
"HTML","addons-website-app-store-automated-product-labels-badges.html","21"
"HTML","addons-website-app-store-bablic.html","21.82"
"HTML","addons-website-app-store-bookafy.html","22.17"
"HTML","addons-website-app-store-book-like-a-boss.html","23.68"
"HTML","addons-website-app-store-calculator-builder.html","22.24"
"HTML","addons-website-app-store-charts-graphs.html","22.48"
"HTML","addons-website-app-store-chatfully.html","23.57"
"HTML","addons-website-app-store-chatway-live-chat.html","22.66"
"HTML","addons-website-app-store-chatwith-whatsapp-widget.html","21.66"
"HTML","addons-website-app-store-clawdia-ai.html","20.91"
"HTML","addons-website-app-store-cloud-campaign.html","21.74"
"HTML","addons-website-app-store-common-ninja-ai-chatbot.html","22.51"
"HTML","addons-website-app-store-common-ninja-all-in-one-reviews.html","22.59"
"HTML","addons-website-app-store-common-ninja-google-reviews.html","22.47"
"HTML","addons-website-app-store-comparison-tables.html","22.36"
"HTML","addons-website-app-store-contact-forms-builder.html","22.17"
"HTML","addons-website-app-store-countdown-timer-bar.html","22.25"
"HTML","addons-website-app-store-crm-by-monto.html","20.91"
"HTML","addons-website-app-store-currency-converter-by-monto.html","22.79"
"HTML","addons-website-app-store-customer-testimonials.html","22.2"
"HTML","addons-website-app-store-embedfeed.html","21.86"
"HTML","addons-website-app-store-embedreviews.html","22.74"
"HTML","addons-website-app-store-hellobar-targeted-pop-ups.html","21.38"
"HTML","addons-website-app-store-image-hotspot.html","22.54"
"HTML","addons-website-app-store-iubenda.html","22.5"
"HTML","addons-website-app-store-membership.html","21.78"
"HTML","addons-website-app-store-movylo.html","22.46"
"HTML","addons-website-app-store-octotable.html","23.58"
"HTML","addons-website-app-store-owwlish-online-courses.html","21.88"
"HTML","addons-website-app-store-paperform.html","22.94"
"HTML","addons-website-app-store-plum-popup-builder.html","23.01"
"HTML","addons-website-app-store-product-reviews-by-monto.html","22.87"
"HTML","addons-website-app-store-rss-social-media-stream.html","22.11"
"HTML","addons-website-app-store-seo-opportunities.html","21.64"
"HTML","addons-website-app-store-simplybook-me.html","22.28"
"HTML","addons-website-app-store-simplyprofit.html","20.73"
"HTML","addons-website-app-store-site-search-360.html","22.12"
"HTML","addons-website-app-store-splitit.html","20.82"
"HTML","addons-website-app-store-springtime.html","21.03"
"HTML","addons-website-app-store-subscribers-web-push-notifications.html","23.64"
"HTML","addons-website-app-store-termageddon.html","21.07"
"HTML","addons-website-app-store-termly.html","21.08"
"HTML","addons-website-app-store-tockify-events-calendar.html","21.79"
"HTML","addons-website-app-store-uberall.html","22.8"
"HTML","addons-website-app-store-upmenu.html","25.87"
"HTML","addons-website-app-store-usercentrics.html","20.91"
"HTML","addons-website-app-store-vcita.html","22.78"
"HTML","addons-website-app-store-web-stories.html","21.4"
"HTML","addons-website-app-store-whatsapp-chat-buttons.html","22.87"
"HTML","addons-website-app-store-woorank.html","22.27"
"HTML","addons-website-app-store-zip-buy-now-pay-later.html","21"
"HTML","addons-widgets.html","85.27"
"HTML","assets-webact-template-embed.html","959.43"
"HTML","assets-webact-template-feed.html","931.06"
"HTML","contact.html","21.85"
"HTML","design.html","18.91"
"HTML","design-branding.html","48.6"
"HTML","design-graphic-design.html","43.02"
"HTML","design-logo-design.html","47.11"
"HTML","design-professional-editor.html","21.11"
"HTML","design-simple-editor.html","21.56"
"HTML","design-website-design.html","48.54"
"HTML","digital-ads.html","19.23"
"HTML","digital-ads-amazon-advertising.html","21.06"
"HTML","digital-ads-google-advertising.html","37.23"
"HTML","digital-ads-local-services-advertising.html","20.96"
"HTML","digital-ads-microsoft-advertising.html","20.95"
"HTML","digital-ads-social-media-advertising.html","20.96"
"HTML","digital-ads-television-advertising.html","19.71"
"HTML","industries.html","57.69"
"HTML","industries-accounting-firms.html","34.15"
"HTML","industries-appliance-stores.html","34.2"
"HTML","industries-artists-creators.html","34.32"
"HTML","industries-arts-organizations.html","34.2"
"HTML","industries-assisted-living.html","34.11"
"HTML","industries-automotive.html","33.7"
"HTML","industries-auto-repair.html","33.8"
"HTML","industries-bakeries.html","33.6"
"HTML","industries-beauty-salons.html","34.17"
"HTML","industries-breweries.html","33.67"
"HTML","industries-builders-contractors.html","34.52"
"HTML","industries-car-dealerships.html","34.06"
"HTML","industries-car-detailing.html","33.96"
"HTML","industries-car-washes.html","33.77"
"HTML","industries-catering.html","33.71"
"HTML","industries-child-care.html","33.79"
"HTML","industries-chiropractors.html","34"
"HTML","industries-cleaning-services.html","34.22"
"HTML","industries-clothing-ecommerce.html","34.33"
"HTML","industries-collections.html","33.81"
"HTML","industries-community-organizations.html","34.49"
"HTML","industries-construction-design.html","34.4"
"HTML","industries-consultants.html","33.85"
"HTML","industries-courier-services.html","34.15"
"HTML","industries-dental-medical.html","34.33"
"HTML","industries-dentists.html","33.66"
"HTML","industries-dermatology.html","33.94"
"HTML","industries-dog-adoption.html","33.91"
"HTML","industries-driving-schools.html","34.13"
"HTML","industries-ecommerce-stores.html","34.2"
"HTML","industries-electricians.html","33.92"
"HTML","industries-equestrian.html","33.81"
"HTML","industries-esports.html","33.6"
"HTML","industries-event-venues.html","33.93"
"HTML","industries-fashion-boutiques.html","34.2"
"HTML","industries-fencing.html","33.57"
"HTML","industries-festivals.html","33.76"
"HTML","industries-financial-advisors.html","34.23"
"HTML","industries-fire-water-damage.html","34.55"
"HTML","industries-fitness-gyms.html","33.91"
"HTML","industries-flooring.html","33.69"
"HTML","industries-food-trucks.html","33.82"
"HTML","industries-franchise-multi-location.html","34.77"
"HTML","industries-furniture-stores.html","34.21"
"HTML","industries-gaming.html","33.56"
"HTML","industries-garage-door-services.html","34.38"
"HTML","industries-glass-companies.html","34.07"
"HTML","industries-golf-recreation.html","34.31"
"HTML","industries-hair-salons.html","33.81"
"HTML","industries-hardware-stores.html","34.11"
"HTML","industries-home-care.html","33.65"
"HTML","industries-home-decor.html","33.84"
"HTML","industries-home-inspections.html","34.17"
"HTML","industries-home-services.html","33.93"
"HTML","industries-hotels-hospitality.html","34.63"
"HTML","industries-hvac.html","33.33"
"HTML","industries-industrial-services.html","34.33"
"HTML","industries-insurance.html","33.63"
"HTML","industries-interior-designers.html","34.22"
"HTML","industries-investor-relations.html","34.29"
"HTML","industries-it-services.html","33.86"
"HTML","industries-janitorial-services.html","34.33"
"HTML","industries-jewelry-stores.html","34.04"
"HTML","industries-kitchen-bath.html","34.28"
"HTML","industries-landscaping.html","33.95"
"HTML","industries-law-firms.html","33.69"
"HTML","industries-lawn-care.html","33.75"
"HTML","industries-local-retail.html","33.89"
"HTML","industries-locksmiths.html","33.7"
"HTML","industries-logistics.html","33.76"
"HTML","industries-machinery-movers.html","34.15"
"HTML","industries-managed-service-providers.html","34.68"
"HTML","industries-manufacturing.html","33.94"
"HTML","industries-marketing-agencies.html","34.25"
"HTML","industries-martial-arts-schools.html","34.32"
"HTML","industries-med-spas.html","33.7"
"HTML","industries-mental-health-practices.html","34.6"
"HTML","industries-motorcycle-dealers.html","34.25"
"HTML","industries-moving-storage.html","34.23"
"HTML","industries-nonprofits.html","33.73"
"HTML","industries-optometrists.html","33.93"
"HTML","industries-packaging-retail.html","34.22"
"HTML","industries-painting-contractors.html","34.36"
"HTML","industries-parking-mobility.html","34.34"
"HTML","industries-personal-trainers.html","34.2"
"HTML","industries-pest-control.html","33.99"
"HTML","industries-pet-services.html","33.92"
"HTML","industries-photographers.html","33.92"
"HTML","industries-physical-therapy.html","34.18"
"HTML","industries-plastic-surgery.html","34.21"
"HTML","industries-plumbing.html","33.6"
"HTML","industries-pool-services.html","33.99"
"HTML","industries-printing-signage.html","34.38"
"HTML","industries-private-investigators.html","34.41"
"HTML","industries-real-estate.html","33.79"
"HTML","industries-recreational-vehicles.html","34.45"
"HTML","industries-remodeling.html","33.84"
"HTML","industries-restaurants.html","33.74"
"HTML","industries-restaurants-cafes.html","34.46"
"HTML","industries-restoration-companies.html","34.51"
"HTML","industries-roofing.html","33.63"
"HTML","industries-saas-platforms.html","34.38"
"HTML","industries-schools-education.html","34.52"
"HTML","industries-security-companies.html","34.21"
"HTML","industries-senior-living.html","34.06"
"HTML","industries-software-companies.html","34.24"
"HTML","industries-solar-energy.html","34.11"
"HTML","industries-specialty-practices.html","34.2"
"HTML","industries-sunglasses-eyewear.html","34.64"
"HTML","industries-tattoo-shops.html","33.92"
"HTML","industries-tire-shops.html","33.77"
"HTML","industries-towing.html","33.54"
"HTML","industries-transportation.html","33.93"
"HTML","industries-tree-services.html","33.99"
"HTML","industries-trucking.html","33.65"
"HTML","industries-tutoring-centers.html","34.07"
"HTML","industries-urgent-care.html","33.91"
"HTML","industries-veterinary-clinics.html","34.31"
"HTML","industries-videographers.html","34.01"
"HTML","industries-water-utilities.html","34.3"
"HTML","industries-wedding-services.html","34.17"
"HTML","industries-wholesale-distributors.html","34.46"
"HTML","industries-window-door-companies.html","34.75"
"HTML","industries-yoga-studios.html","33.86"
"HTML","marketing.html","18.93"
"HTML","marketing-aeo.html","20.5"
"HTML","marketing-email-marketing.html","20.65"
"HTML","marketing-gmb.html","20.49"
"HTML","marketing-local-listings.html","20.55"
"HTML","marketing-local-seo.html","20.65"
"HTML","marketing-national-seo.html","20.64"
"HTML","marketing-seo.html","19.97"
"HTML","pricing.html","19.18"
"HTML","pricing-advertising.html","18.78"
"HTML","pricing-design.html","25.08"
"HTML","pricing-marketing.html","23.93"
"HTML","pricing-packages.html","24.33"
"HTML","pricing-widgets.html","81.79"
"CSS","advertising.css","0"
"CSS","components.css","0"
"CSS","footer.css","0.8"
"CSS","industries.css","0"
"CSS","layout.css","0"
"CSS","marketing.css","0"
"CSS","navigation.css","5.57"
"CSS","portfolio.css","0"
"CSS","portfolio-preview-repair.css","0.56"
"CSS","styles.css","53.57"
"CSS","webact-mega-menu.css","5.68"
"CSS","webact-promodo-nav.css","6.16"
"JS","footer.js","0"
"JS","navigation.js","0"
"JS","portfolio-direct-thumbs-20260616.js","9.11"
"JS","portfolio-direct-thumbs-final-20260616.js","9.43"
"JS","portfolio-preview-repair.js","4.55"
"JS","script.js","27.87"
"JS","site.js","0"
"JS","webact-mega-menu.js","1.83"
"JS","webact-promodo-nav.js","1.4"
