"Count","Name"
"385","../../marketing/local-seo/index.html"
"360","../../pricing/packages/index.html"
"359","../../addons/widgets/index.html"
"255","../../pricing/design/index.html"
"255","../../design/website-design/index.html"
"252","../../addons/website-app-store/index.html"
"249","../../digital-ads/google-advertising/index.html"
"211","../../../../../about/website-knowledge-base/index.html"
"211","../../../../../about/how-to-videos/index.html"
"211","../../../../../about/faq/index.html"
"145","../../marketing/email-marketing/index.html"
"143","../../pricing/advertising/index.html"
"143","../../pricing/marketing/index.html"
"138","../../marketing/local-listings/index.html"
"137","../../marketing/gmb/index.html"
"135","../../about/portfolio/index.html"
"135","../../marketing/national-seo/index.html"
"114","../../../addons/widgets/index.html"
"114","../../../about/widget-knowledge-base/index.html"
"62","../../../addons/website-app-store/index.html"
"56","../../../about/blog/index.html"
"52","../../../pricing/widgets/index.html"
"25","../../index.html"
"24","../../pricing/index.html"
"12","../../marketing/aeo/index.html"
"12","./index.html"
"10","../"
"10","./case-study.html?project="
"5","../google-advertising/index.html"
"5","../../addons/domain-names/index.html"
"3","../social-media-advertising/index.html"
"3","../../about/widget-knowledge-base/index.html"
"3","../gmb/index.html"
"3","../../about/blog/find-your-perfect-match-best-ai-software-for-small-businesses/index.html"
"2","../case-study.html?project=by-the-beach"
"2","../case-study.html?project=smart-cell-phone-parts"
"2","../case-study.html?project=net-2-phone"
"2","../case-study.html?project=cell-block"
"2","../case-study.html?project=good-water"
"2","../case-study.html?project=hydro-dynamics"
"2","../case-study.html?project=ariana-waterfall"
"2","../case-study.html?project=deaf-vacation-cruise"
"2","../case-study.html?project=vacation-rentals"
"2","../../about/portfolio/apex-denver-locksmith/index.html"
"2","../../about/portfolio/cowest-insurance-group/index.html"
"2","../../about/portfolio/kinetico-denver/index.html"
"2","../../about/portfolio/jk-hatcher-homes/index.html"
"2","../case-study.html?project=all-star-pizza"
"2","../case-study.html?project=apex-denver-locksmith"
"2","../../about/portfolio/summit-graphics/index.html"
"2","../../about/portfolio/parkingboxx/index.html"
"2","../../about/portfolio/the-smilist/index.html"
"2","../../about/portfolio/little-caesars-pueblo/index.html"
"2","../../about/portfolio/meadow-hills/index.html"
"2","../../about/portfolio/zaika-indian-cuisine/index.html"
"2","../../about/portfolio/tipping-hat/index.html"
"2","../../about/portfolio/optimal-homecare/index.html"
"2","../case-study.html?project=einstein-plumbing"
"2","../case-study.html?project=christy-root-designs"
"2","../case-study.html?project=american-sewer"
"2","../case-study.html?project=carlock-plumbing"
"2","../case-study.html?project=360-sales-advantage"
"2","../case-study.html?project=advanced-business-systems"
"2","../case-study.html?project=denver-sign-factory"
"2","../case-study.html?project=integration-design"
"2","../case-study.html?project=a-pup-s-valley"
"2","../case-study.html?project=peace-of-mind-pest-services"
"2","../case-study.html?project=a-breed-apart-papillons"
"2","../case-study.html?project=absolute-pest-control-services"
"2","../case-study.html?project=crest-pest-control"
"2","../case-study.html?project=a-dog-s-day-out"
"2","../case-study.html?project=aid-the-children"
"2","../case-study.html?project=e-sports-foundation"
"2","../case-study.html?project=cancer-with-courage"
"2","../case-study.html?project=brick-house-salon"
"2","../case-study.html?project=carie-s-posing-suits"
"2","../case-study.html?project=heritage-roofing"
"2","../case-study.html?project=roof-ready"
"2","../case-study.html?project=sniper-security"
"2","../case-study.html?project=esports-epleyer"
"2","../case-study.html?project=cass-and-company-salon"
"2","../case-study.html?project=blackbridge-defense"
"2","../case-study.html?project=the-chambers-of-tucson-mall"
"2","../case-study.html?project=lower-lake-ranch"
"2","../case-study.html?project=manor-house-apartments"
"2","../case-study.html?project=alta-partners"
"2","../case-study.html?project=great-west-real-estate"
"2","../case-study.html?project=barbarians-cave-surf"
"2","../case-study.html?project=mile-high-books"
"2","../case-study.html?project=2go-coconut"
"2","../case-study.html?project=emergency-locksmith-denver"
"2","../../digital-ads/index.html"
"2","../../about/blog/the-battle-of-the-ads-google-vs-bing/index.html"
"2","../../about/blog/how-effective-is-live-chat-on-your-website/index.html"
"2","../../about/blog/5-ways-your-business-data-is-at-risk/index.html"
"2","../../about/blog/5-ways-your-web-design-impacts-your-seo/index.html"
"2","../../about/blog/is-wordpress-really-the-best-for-your-business/index.html"
"2","../../about/blog/the-importance-of-social-media-for-your-business/index.html"
"2","../../about/blog/website-personalization-and-why-is-it-so-important/index.html"
"2","../../about/blog/why-email-marketing-is-still-important/index.html"
"2","../../about/blog/how-customer-service-touches-every-aspect-of-your-business/index.html"
"2","../../about/blog/4-things-that-will-increase-the-load-times-of-your-website/index.html"
"2","../../about/blog/5-saas-companies-your-business-should-know-about/index.html"
"2","../../about/blog/how-information-technology-can-assist-with-online-business-success/index.html"
"2","../../about/blog/what-to-know-before-you-partner-with-another-business-to-offer-deals/index.html"
"2","../../about/blog/5-tips-for-making-your-business-virtual/index.html"
"2","../../about/blog/how-aged-domains-rank-within-search-engines/index.html"
"2","../../about/blog/why-java-is-the-language-to-learn-for-digital-marketers/index.html"
"2","../../about/blog/how-to-make-content-your-customers-will-be-excited-to-read/index.html"
"2","../../contact/index.html?service=Branding"
"2","../logo-design/index.html"
"2","/terms/index.html"
"2","/sitemap.xml"
"2","../aeo/index.html"
"2","../local-listings/index.html"
"2","../graphic-design/index.html"
"2","../website-design/index.html"
"2","/privacy-policy/index.html"
"2","../../about/blog/a-video-review-by-laura-belgrave/index.html"
"2","../../about/blog/domain-names-101/index.html"
"2","../../about/blog/google-adwords-vs-facebook-ads/index.html"
"2","../../about/blog/personalize-your-website-and-increase-your-business-with-insite/index.html"
"2","../../addons/professional-email/index.html"
"2","/about/portfolio/"
"2","../../about/website-knowledge-base/index.html"
"2","../../marketing/seo/index.html"
"2","../../about/blog/signs-that-your-business-is-stuck-in-the-past/index.html"
"2","../../about/blog/common-threats-you-need-to-protect-your-website-against/index.html"
"2","../../about/blog/common-misunderstandings-businesses-have-about-marketing/index.html"
"2","../../about/blog/what-is-seo-and-why-does-it-matter/index.html"
"2","../../about/blog/how-small-businesses-can-protect-themselves-from-fraud/index.html"
"2","../../about/blog/marketing-strategies-you-should-be-using-more/index.html"
"2","../../about/blog/features-that-will-help-you-market-your-restaurant-business/index.html"
"2","../../about/blog/3-tasks-that-help-build-your-digital-marketing-portfolio/index.html"
"2","../../about/blog/how-to-connect-with-your-customers-and-form-lasting-relationships/index.html"
"2","../../about/blog/advertising-methods-that-can-be-powerful-drivers-of-success/index.html"
"2","../../about/blog/what-types-of-outdoor-advertising-should-you-be-using/index.html"
"2","../../about/blog/responsive-websites-success/index.html"
"2","../../about/blog/how-to-get-a-higher-roi-on-your-advertising/index.html"
"2","../../about/blog/how-local-businesses-can-get-the-word-out-about-their-brands/index.html"
"2","../../about/blog/online-video-platforms-every-business-should-be-using/index.html"
"2","../../about/blog/how-to-become-a-better-problem-solver-in-your-business/index.html"
"2","../../about/blog/why-you-need-to-be-an-expert-in-digital-marketing/index.html"
"2","../../about/blog/website-features-you-can-t-be-without/index.html"
"2","../../about/blog/how-your-company-can-dominate-a-keyword-on-google/index.html"
"2","../../about/blog/creative-outdoor-advertising-methods-you-shouldn-t-miss-out-on/index.html"
"2","../../about/blog/what-customers-value-most-in-a-business/index.html"
"2","../../about/blog/gain-exposure-for-your-business-with-mapquest-business-listing/index.html"
"2","../../about/blog/local-seo-best-practices-for-2019-12-things-you-must-know/index.html"
"2","../../about/blog/how-to-market-your-restaurant-on-social-media/index.html"
"2","../../about/blog/how-to-build-a-solid-reputation-through-your-marketing-strategy/index.html"
"2","../../about/blog/how-to-turn-your-law-practice-into-a-household-name-locally/index.html"
"2","../../about/blog/how-to-get-the-exposure-you-need-for-your-website/index.html"
"2","../../about/blog/marketing-channels-you-can-t-ignore/index.html"
"2","../../about/blog/how-to-turn-your-leads-into-reliable-customers/index.html"
"2","../../about/blog/how-to-achieve-a-greater-roi-on-your-marketing-campaign/index.html"
"2","../../about/blog/i-have-a-business-website-now-what/index.html"
"2","../../about/blog/what-you-need-to-keep-in-mind-when-building-a-new-website/index.html"
"2","../../about/blog/how-to-earn-the-trust-of-your-customers/index.html"
"2","../../about/blog/tips-for-encouraging-people-to-return-to-your-website/index.html"
"2","../case-study.html?project=abdul-electric"
"2","../case-study.html?project=bayou-solar"
"2","../case-study.html?project=genius-coaching"
"2","../case-study.html?project=your-college-planning-coach"
"2","../case-study.html?project=dig-for-energy"
"2","../case-study.html?project=andree-hudson-art"
"2","../case-study.html?project=all-go-transportation"
"2","../case-study.html?project=energy-performance-service"
"2","../case-study.html?project=aspire-counseling"
"2","../case-study.html?project=college-planning-coach"
"2","../case-study.html?project=driving-instructor-classes"
"2","../case-study.html?project=dental-sleep-medicine"
"2","../case-study.html?project=a-california-driving-school"
"2","../case-study.html?project=aces-driving-school"
"2","../case-study.html?project=benton-dental"
"2","../case-study.html?project=all-concrete-works-and-landscaping"
"2","../case-study.html?project=absolute-home-care"
"2","../case-study.html?project=building-better-transit"
"2","../case-study.html?project=beltway-home-inspections"
"2","../case-study.html?project=axel-medical-transportation"
"2","../case-study.html?project=atlee-care"
"2"," https://www.drip.com/blog/marketing-automation/25-email-marketing-tips-for-beginners"
"2","../case-study.html?project=gangle-law-firm"
"2","../case-study.html?project=evans-legal-group"
"2","../case-study.html?project=kramarz-law"
"2","../case-study.html?project=carwash-coupons"
"2","./industry/"
"2","../case-study.html?project=extreme-autoworks"
"2","../case-study.html?project=air-techs-hvac"
"2","../case-study.html?project=dental-arts"
"2","../case-study.html?project=century-tire-inc"
"2","../case-study.html?project=ay-home-health-care"
"2","../case-study.html?project=kasco-hvac"
"2","../case-study.html?project=denver-s-best-heating"
"1","../../about/widget-knowledge-base/back-to-top-widget/index.html"
"1","../../about/website-knowledge-base/native-ecommerce/bookings/set-up-bookings/index.html"
"1","../../about/website-knowledge-base/native-ecommerce/bookings/manage-bookings/index.html"
"1","../../about/website-knowledge-base/native-ecommerce/store-set-up-and-overview/native-ecommerce-and-third-party-ecommerce-comparison/index.html"
"1","../../about/widget-knowledge-base/count-up-widget/index.html"
"1","../../about/widget-knowledge-base/collapsible-boxes-widget/index.html"
"1","../../about/widget-knowledge-base/clock-widget/index.html"
"1","../../about/widget-knowledge-base/current-date-widget/index.html"
"1","../../about/website-knowledge-base/native-ecommerce/bookings/bookings-overview/index.html"
"1","../../about/website-knowledge-base/native-ecommerce/products-and-services/subscriptions-in-native-store/index.html"
"1","../../about/website-knowledge-base/native-ecommerce/products-and-services/google-merchant-center-for-native-store/index.html"
"1","../../about/website-knowledge-base/native-ecommerce/payment-taxes-and-orders/payment-in-native-store/index.html"
"1","../../about/website-knowledge-base/native-ecommerce/products-and-services/import-export-and-update-products-in-native-store/index.html"
"1","../../about/website-knowledge-base/native-ecommerce/products-and-services/products-in-native-store/index.html"
"1","../../about/website-knowledge-base/native-ecommerce/store-set-up-and-overview/native-store-business-information/index.html"
"1","../../about/website-knowledge-base/native-ecommerce/customer-management/site-contacts-in-native-store/index.html"
"1","../../about/website-knowledge-base/native-ecommerce/customer-management/abandoned-carts-in-native-store/index.html"
"1","../../about/website-knowledge-base/native-ecommerce/customer-management/native-store-emails/index.html"
"1","../../about/website-knowledge-base/native-ecommerce/payment-taxes-and-orders/taxes-in-native-store/index.html"
"1","../../about/website-knowledge-base/native-ecommerce/payment-taxes-and-orders/orders-in-native-store/index.html"
"1","../../about/website-knowledge-base/native-ecommerce/shipping-pickup-and-delivery/shipping-and-pickup-in-native-store/index.html"
"1","../../about/widget-knowledge-base/sticky-button-widget/index.html"
"1","../../about/widget-knowledge-base/store-location-widget/index.html"
"1","../../about/widget-knowledge-base/store-finder-widget/index.html"
"1","../../about/widget-knowledge-base/testimonial-slider-widget/index.html"
"1","../../about/widget-knowledge-base/table-creator-widget/index.html"
"1","../../about/widget-knowledge-base/pricing-table-widget/index.html"
"1","../../about/widget-knowledge-base/dropdown-selector-widget/index.html"
"1","../../about/widget-knowledge-base/click-to-text-widget/index.html"
"1","../../about/widget-knowledge-base/price-slider-widget/index.html"
"1","../../about/widget-knowledge-base/google-reviews-widget/index.html"
"1","../../about/widget-knowledge-base/eventbrite-events-widget/index.html"
"1","../../about/widget-knowledge-base/side-menu-widget/index.html"
"1","../../about/widget-knowledge-base/sticky-social-icons-widget/index.html"
"1","../../about/widget-knowledge-base/animate-content-widget/index.html"
"1","../../about/widget-knowledge-base/bottom-menu-widget/index.html"
"1","../../about/widget-knowledge-base/social-share-widget/index.html"
"1","../../about/widget-knowledge-base/facebook-feed-widget/index.html"
"1","../../about/widget-knowledge-base/twitter-feed-widget/index.html"
"1","../../about/widget-knowledge-base/google-calendar-widget/index.html"
"1","../../about/widget-knowledge-base/facebook-messenger-widget/index.html"
"1","../../about/widget-knowledge-base/filter-photo-gallery-widget/index.html"
"1","../../about/widget-knowledge-base/comparison-slider-widget/index.html"
"1","../../about/widget-knowledge-base/flip-book-widget/index.html"
"1","../../about/widget-knowledge-base/duda-api-widget/index.html"
"1","../../about/widget-knowledge-base/carousel-slider-widget/index.html"
"1","../../about/widget-knowledge-base/typewriter-text-widget/index.html"
"1","../../about/widget-knowledge-base/tabs-layout-widget/index.html"
"1","../../about/widget-knowledge-base/advanced-image-slider-widget/index.html"
"1","../../about/widget-knowledge-base/3d-carousel-widget/index.html"
"1","../../about/widget-knowledge-base/hover-image-widget/index.html"
"1","../../about/widget-knowledge-base/age-verification-widget/index.html"
"1","../../about/widget-knowledge-base/ada-accessibility-widget/index.html"
"1","../../about/widget-knowledge-base/countdown-clock-widget/index.html"
"1","../../about/widget-knowledge-base/calendar-widget/index.html"
"1","../../about/widget-knowledge-base/video-grid-widget/index.html"
"1","../../about/widget-knowledge-base/popup-carousel-widget/index.html"
"1","../../about/widget-knowledge-base/image-shapes-widget/index.html"
"1","../../about/widget-knowledge-base/video-carousel-widget/index.html"
"1","../../about/widget-knowledge-base/product-slider-widget/index.html"
"1","../../about/website-knowledge-base/widgets/social-widgets/widgets-facebook-comments/index.html"
"1","../../about/website-knowledge-base/widgets/social-widgets/widgets-disqus-comments/index.html"
"1","../../about/website-knowledge-base/widgets/social-widgets/widgets-facebook-feed/index.html"
"1","../../about/website-knowledge-base/widgets/social-widgets/widgets-facebook-like/index.html"
"1","../../about/website-knowledge-base/widgets/business-widgets/widgets-zoom/index.html"
"1","../../about/website-knowledge-base/widgets/business-widgets/widgets-paypal-button/index.html"
"1","../../about/website-knowledge-base/widgets/business-widgets/widgets-opentable-reservation-button/index.html"
"1","../../about/website-knowledge-base/widgets/business-widgets/widgets-yelp-reviews/index.html"
"1","../../about/website-knowledge-base/widgets/business-widgets/widgets-restaurant-menu/index.html"
"1","../../about/website-knowledge-base/third-party-ecommerce/store-overview-and-set-up/store-overview-and-set-up/index.html"
"1","../../about/website-knowledge-base/widgets/advanced-widgets/widgets-advanced-accordion/index.html"
"1","../../about/website-knowledge-base/third-party-ecommerce/store-overview-and-set-up/how-to-add-a-store-third-party-store/index.html"
"1","../../about/website-knowledge-base/third-party-ecommerce/store-overview-and-set-up/ecommerce-getting-started-third-party-store/index.html"
"1","../../about/website-knowledge-base/widgets/advanced-widgets/widgets-advanced-tabs/index.html"
"1","../../about/website-knowledge-base/widgets/social-widgets/widgets-social-icons/index.html"
"1","../../about/website-knowledge-base/widgets/social-widgets/widgets-rss-feeds/index.html"
"1","../../about/website-knowledge-base/widgets/advanced-widgets/widgets-html/index.html"
"1","../../about/website-knowledge-base/widgets/advanced-widgets/widgets-advanced-forms/index.html"
"1","../../about/website-knowledge-base/widgets/business-widgets/widgets-online-scheduling-vcita/index.html"
"1","../../about/website-knowledge-base/widgets/media-widgets/widgets-media-slider/index.html"
"1","../../about/website-knowledge-base/widgets/media-widgets/widgets-lottie-animation/index.html"
"1","../../about/website-knowledge-base/widgets/media-widgets/widgets-shape/index.html"
"1","../../about/website-knowledge-base/widgets/media-widgets/media-widgets-photo-gallery/index.html"
"1","../../about/website-knowledge-base/widgets/media-widgets/widgets-image-slider/index.html"
"1","../../about/website-knowledge-base/widgets/media-widgets/widgets-audio/index.html"
"1","../../about/website-knowledge-base/widgets/basic-widgets/widgets-spacer/index.html"
"1","../../about/website-knowledge-base/widgets/media-widgets/widgets-image/index.html"
"1","../../about/website-knowledge-base/widgets/media-widgets/widgets-before-after/index.html"
"1","../../about/website-knowledge-base/widgets/business-widgets/widgets-google-calendar/index.html"
"1","../../about/website-knowledge-base/widgets/business-widgets/widgets-coupons/index.html"
"1","../../about/website-knowledge-base/widgets/business-widgets/widgets-multi-location/index.html"
"1","../../about/website-knowledge-base/widgets/business-widgets/widgets-map/index.html"
"1","../../about/website-knowledge-base/widgets/business-widgets/widgets-contact-forms/index.html"
"1","../../about/website-knowledge-base/widgets/business-widgets/widgets-business-hours/index.html"
"1","../../about/website-knowledge-base/widgets/media-widgets/widgets-video/index.html"
"1","../../about/website-knowledge-base/widgets/business-widgets/widgets-click-to-email/index.html"
"1","../../about/website-knowledge-base/widgets/business-widgets/widgets-click-to-call/index.html"
"1","../../about/website-knowledge-base/third-party-ecommerce/sales-channels-and-reports/sell-on-facebook-third-party-store/index.html"
"1","../../about/website-knowledge-base/third-party-ecommerce/sales-channels-and-reports/store-app-market-third-party-store/index.html"
"1","../../about/website-knowledge-base/third-party-ecommerce/manage-customers/add-a-store-login-third-party-store/index.html"
"1","../../about/website-knowledge-base/third-party-ecommerce/sales-channels-and-reports/reconnect-facebook-to-store-third-party-store/index.html"
"1","../../about/website-knowledge-base/third-party-ecommerce/sales-channels-and-reports/marketplaces-third-party-store/index.html"
"1","../../about/website-knowledge-base/third-party-ecommerce/shipping-and-delivery/inventory-tracking-third-party-store/index.html"
"1","../../about/website-knowledge-base/third-party-ecommerce/shipping-and-delivery/buy-and-print-shipping-labels-third-party-store/index.html"
"1","../../about/website-knowledge-base/third-party-ecommerce/sales-channels-and-reports/connect-product-catalog-to-tiktok-third-party-store/index.html"
"1","../../about/website-knowledge-base/third-party-ecommerce/sales-channels-and-reports/basic-reports-and-sales-stats-third-party-store/index.html"
"1","../../about/website-knowledge-base/native-ecommerce/store-set-up-and-overview/add-or-remove-native-store/index.html"
"1","../../about/website-knowledge-base/native-ecommerce/store-set-up-and-overview/native-store-overview/index.html"
"1","../../about/website-knowledge-base/native-ecommerce/store-set-up-and-overview/how-do-i-know-if-i-am-using-native-ecommerce-or-third-party-ecommerce/index.html"
"1","../../about/website-knowledge-base/native-ecommerce/store-set-up-and-overview/how-to-create-an-online-store-with-native-ecommerce/index.html"
"1","../../about/website-knowledge-base/third-party-ecommerce/manage-customers/strong-customer-authentication-sca-third-party-store/index.html"
"1","../../about/website-knowledge-base/third-party-ecommerce/manage-customers/email-notifications-third-party-store/index.html"
"1","../../about/website-knowledge-base/third-party-ecommerce/manage-customers/customer-groups-third-party-store/index.html"
"1","../../about/website-knowledge-base/third-party-ecommerce/manage-customers/send-automated-marketing-emails-third-party-store/index.html"
"1","../../about/website-knowledge-base/third-party-ecommerce/manage-customers/request-customer-approval-for-promo-emails-third-party-store/index.html"
"1","../../about/website-knowledge-base/third-party-ecommerce/shipping-and-delivery/shipping-faqs-third-party-store/index.html"
"1","../../about/website-knowledge-base/third-party-ecommerce/add-and-manage-products-or-services/import-products-to-your-store-third-party-store/index.html"
"1","../../about/website-knowledge-base/third-party-ecommerce/add-and-manage-products-or-services/lowest-product-price-before-discounting-third-party-store/index.html"
"1","../../about/website-knowledge-base/third-party-ecommerce/add-and-manage-products-or-services/product-options-third-party-store/index.html"
"1","../../about/website-knowledge-base/third-party-ecommerce/add-and-manage-products-or-services/import-products-faqs-and-troubleshooting-third-party-store/index.html"
"1","../../about/website-knowledge-base/third-party-ecommerce/add-and-manage-products-or-services/add-and-edit-products-in-the-store-third-party-store/index.html"
"1","../../about/website-knowledge-base/third-party-ecommerce/store-overview-and-set-up/store-plans-third-party-store/index.html"
"1","../../about/website-knowledge-base/third-party-ecommerce/store-overview-and-set-up/ecommerce-faqs-third-party-store/index.html"
"1","../../about/website-knowledge-base/third-party-ecommerce/add-and-manage-products-or-services/add-and-manage-products-or-services/index.html"
"1","../../about/website-knowledge-base/third-party-ecommerce/store-overview-and-set-up/remove-free-demo-store-third-party-store/index.html"
"1","../../about/website-knowledge-base/third-party-ecommerce/shipping-and-delivery/shipping-and-delivery/index.html"
"1","../../about/website-knowledge-base/third-party-ecommerce/payments-and-orders/edit-orders-third-party-store/index.html"
"1","../../about/website-knowledge-base/third-party-ecommerce/shipping-and-delivery/shipping-options-third-party-store/index.html"
"1","../../about/website-knowledge-base/third-party-ecommerce/shipping-and-delivery/shipping-third-party-store/index.html"
"1","../../about/website-knowledge-base/third-party-ecommerce/payments-and-orders/orders-third-party-store/index.html"
"1","../../about/website-knowledge-base/third-party-ecommerce/payments-and-orders/about-payment-options-third-party-store/index.html"
"1","../../about/website-knowledge-base/third-party-ecommerce/payments-and-orders/payments-and-orders/index.html"
"1","../../about/website-knowledge-base/third-party-ecommerce/payments-and-orders/offline-payments-third-party-store/index.html"
"1","../../about/website-knowledge-base/third-party-ecommerce/payments-and-orders/online-payments-third-party-store/index.html"
"1","/digital-ads/social-media-advertising/"
"1","/digital-ads/microsoft-advertising/"
"1","/digital-ads/television-advertising/"
"1","/digital-ads/local-services-advertising/"
"1","/marketing/email-marketing/"
"1","/marketing/aeo/"
"1","/digital-ads/google-advertising/"
"1","/marketing/gmb/"
"1","/industries/ecommerce/"
"1","/industries/healthcare/"
"1","../case-study.html?project=desert-empire"
"1","../case-study.html?project=dominion-craftsman-services"
"1","/about/faq/"
"1","/about/blog/"
"1","/about/how-to-videos/"
"1","/about/website-knowledge-base/"
"1","/marketing/national-seo/"
"1","../../addons/website-app-store/contact-forms-builder/index.html"
"1","../../addons/website-app-store/countdown-timer-bar/index.html"
"1","../../addons/website-app-store/customer-testimonials/index.html"
"1","../../addons/website-app-store/age-verification-age-gate-18/index.html"
"1","../../addons/website-app-store/clawdia-ai/index.html"
"1","../../addons/website-app-store/octotable/index.html"
"1","../../addons/website-app-store/usercentrics/index.html"
"1","../../addons/website-app-store/iubenda/index.html"
"1","/design/graphic-design/"
"1","/design/logo-design/"
"1","/marketing/local-seo/"
"1","/design/branding/"
"1","../case-study.html?project=dss-by-kat"
"1","../../addons/website-app-store/chatwith-whatsapp-widget/index.html"
"1","/design/ecommerce/"
"1","/design/website-design/"
"1","../case-study.html?project=denver-issa"
"1","../../design/professional-editor/index.html"
"1","../../design/simple-editor/index.html"
"1","../case-study.html?project=aspire-hope-for-kids"
"1","../../industries/index.html"
"1","../case-study.html?project=bruno-jambor"
"1","../case-study.html?project=callahan-hayes"
"1","../../marketing/index.html"
"1","../case-study.html?project=board-game-republic"
"1","../local-seo/index.html"
"1","../national-seo/index.html"
"1","../../about/website-knowledge-base/website-builder/pages-and-popups/single-page-management/index.html"
"1","../email-marketing/index.html"
"1","../case-study.html?project=stephanie-ascari"
"1","../local-services-advertising/index.html"
"1","../case-study.html?project=pork-chop-s-truck-and-auto"
"1","../microsoft-advertising/index.html"
"1","../../contact/index.html?service=Identity%20System"
"1","../digital-ads/microsoft-advertising/index.html"
"1","../digital-ads/google-advertising/index.html"
"1","../marketing/national-seo/index.html"
"1","../digital-ads/social-media-advertising/index.html"
"1","../about/widget-knowledge-base/index.html"
"1","../about/website-knowledge-base/index.html"
"1","../design/professional-editor/index.html"
"1","../about/how-to-videos/index.html"
"1","../case-study.html?project=cowest-durango"
"1","../case-study.html?project=ct-gasket"
"1","../../contact/index.html?service=Brand%20Refresh"
"1","../case-study.html?project=castle-rock"
"1","../marketing/email-marketing/index.html"
"1","../marketing/local-seo/index.html"
"1","../case-study.html?project=dads-of-parker"
"1","../marketing/local-listings/index.html"
"1","../../addons/website-app-store/paperform/index.html"
"1","../../addons/website-app-store/site-search-360/index.html"
"1","../../addons/website-app-store/termageddon/index.html"
"1","../../addons/website-app-store/membership/index.html"
"1","../../addons/website-app-store/vcita/index.html"
"1","../../addons/website-app-store/simplybook-me/index.html"
"1","../../addons/website-app-store/accessibility-by-audioeye/index.html"
"1","../../addons/website-app-store/uberall/index.html"
"1","../../addons/website-app-store/calculator-builder/index.html"
"1","../../addons/website-app-store/accessibility-by-userway/index.html"
"1","../../addons/website-app-store/subscribers-web-push-notifications/index.html"
"1","../../addons/website-app-store/comparison-tables/index.html"
"1","../../addons/website-app-store/amp-faster-websites/index.html"
"1","../../addons/website-app-store/movylo/index.html"
"1","../../addons/website-app-store/charts-graphs/index.html"
"1","../../addons/website-app-store/web-stories/index.html"
"1","../../addons/website-app-store/cloud-campaign/index.html"
"1","../../about/widget-knowledge-base/tab-slider-widget/index.html"
"1","../../about/widget-knowledge-base/stripe-payment-widget/index.html"
"1","../../about/widget-knowledge-base/interactive-map-widget/index.html"
"1","../../about/widget-knowledge-base/property-listing-widget/index.html"
"1","../../about/widget-knowledge-base/elastic-search-widget/index.html"
"1","../../about/widget-knowledge-base/duda-templates-widget/index.html"
"1","../../about/widget-knowledge-base/section-separator-widget/index.html"
"1","../../about/widget-knowledge-base/mega-menus-widget/index.html"
"1","../../pricing/widgets/index.html"
"1","../case-study.html?project=dww"
"1","../../addons/website-app-store/common-ninja-ai-chatbot/index.html"
"1","../../addons/website-app-store/termly/index.html"
"1","../case-study.html?project=epleyer"
"1","../case-study.html?project=express-shipping-room-supply"
"1","../case-study.html?project=ed-prevost"
"1","../case-study.html?project=epic-ivy"
"1","../../addons/website-app-store/rss-social-media-stream/index.html"
"1","../../addons/website-app-store/plum-popup-builder/index.html"
"1","../../addons/website-app-store/chatway-live-chat/index.html"
"1","../../addons/website-app-store/splitit/index.html"
"1","../../addons/website-app-store/zip-buy-now-pay-later/index.html"
"1","../../addons/website-app-store/automated-product-labels-badges/index.html"
"1","../../addons/website-app-store/book-like-a-boss/index.html"
"1","../../addons/website-app-store/springtime/index.html"
"1","../../addons/website-app-store/automated-customer-reviews/index.html"
"1","../../addons/website-app-store/simplyprofit/index.html"
"1","../../addons/website-app-store/product-reviews-by-monto/index.html"
"1","../../addons/website-app-store/common-ninja-all-in-one-reviews/index.html"
"1","../../addons/website-app-store/common-ninja-google-reviews/index.html"
"1","../../addons/website-app-store/affiliates-by-monto/index.html"
"1","../../addons/website-app-store/abandoned-cart-recovery-by-monto/index.html"
"1","../../addons/website-app-store/currency-converter-by-monto/index.html"
"1","../../addons/website-app-store/crm-by-monto/index.html"
"1","../../addons/website-app-store/upmenu/index.html"
"1","../../addons/website-app-store/image-hotspot/index.html"
"1","../../addons/website-app-store/chatfully/index.html"
"1","../../addons/website-app-store/agentz-ai/index.html"
"1","../../addons/website-app-store/audio-player/index.html"
"1","../../addons/website-app-store/embedfeed/index.html"
"1","../../addons/website-app-store/embedreviews/index.html"
"1","../../addons/website-app-store/hellobar-targeted-pop-ups/index.html"
"1","../../addons/website-app-store/announcements-changelog/index.html"
"1","../../addons/website-app-store/owwlish-online-courses/index.html"
"1","../../addons/website-app-store/woorank/index.html"
"1","../../addons/website-app-store/bookafy/index.html"
"1","../../addons/website-app-store/all-in-one-widget-suite/index.html"
"1","../../addons/website-app-store/tockify-events-calendar/index.html"
"1","../../addons/website-app-store/whatsapp-chat-buttons/index.html"
"1","../../addons/website-app-store/bablic/index.html"
"1","../../addons/website-app-store/seo-opportunities/index.html"
"1","../../about/website-knowledge-base/widgets/basic-widgets/widgets-file-download-a-file-button/index.html"
"1","../case-study.html?project=temecula-driving-school"
"1","../case-study.html?project=treasure-valley-driving-school"
"1","../case-study.html?project=signal-driving-and-traffic-schools"
"1","../case-study.html?project=sunday-driving-school"
"1","../../about/faq/index.html"
"1","../case-study.html?project=houston-energy-systems"
"1","../case-study.html?project=vip-driving-schools"
"1","../../about/blog/index.html"
"1","../case-study.html?project=murrieta-driving-school"
"1","../case-study.html?project=g-and-g-driving-school"
"1","../case-study.html?project=homeland-driving-school-cavco-enterprises-inc"
"1","../case-study.html?project=rostron-dental"
"1","../case-study.html?project=washington-dental"
"1","../case-study.html?project=lake-elsinore-driving-school"
"1","../case-study.html?project=menifee-driving-school"
"1","../case-study.html?project=i-5-driving-school"
"1","../case-study.html?project=inland-valley-driving-school"
"1","../case-study.html?project=smart-wireless-parts"
"1","../case-study.html?project=onestop-home-health-care"
"1","../case-study.html?project=mindful-minds-psychiatry"
"1","../case-study.html?project=way-cool-gaming"
"1","../case-study.html?project=skin-care-essentials"
"1","../case-study.html?project=stanleyview-home-care"
"1","../case-study.html?project=optimal-homecare"
"1","../case-study.html?project=optimal-hospice"
"1","../case-study.html?project=kenyon-homecare-consulting"
"1","../case-study.html?project=us-green"
"1","../case-study.html?project=thompson-water-media"
"1","../case-study.html?project=palm-bay-power-equipment"
"1","../case-study.html?project=paw-power-agility-equipment"
"1","../case-study.html?project=building-better-breath"
"1","../case-study.html?project=empathy-care"
"1","../case-study.html?project=nola-water"
"1","../case-study.html?project=kinetico-denver"
"1","../case-study.html?project=prosthoodontic-dentures"
"1","../case-study.html?project=photophobic-society-of-america"
"1","../case-study.html?project=platinum-registration"
"1","../case-study.html?project=partner-forces"
"1","../case-study.html?project=perthes"
"1","../case-study.html?project=southhall-investments"
"1","../case-study.html?project=spring-fresh"
"1","../case-study.html?project=pride-and-swagger"
"1","../case-study.html?project=six-corners"
"1","../case-study.html?project=parkingboxx"
"1","../case-study.html?project=meadow-hills"
"1","../case-study.html?project=meditouch"
"1","../case-study.html?project=little-caesars-pueblo"
"1","../case-study.html?project=master-craft"
"1","../case-study.html?project=okunade"
"1","../case-study.html?project=parking-payment-validation-and-reservations"
"1","../case-study.html?project=molly-mulligan"
"1","../case-study.html?project=mrad"
"1","../case-study.html?project=front-range-dentures"
"1","../case-study.html?project=implant-excellence"
"1","../case-study.html?project=z-xg"
"1","../case-study.html?project=dental-sleep-medicine-and-cranio-facial-pain"
"1","../case-study.html?project=new-era-dental"
"1","../case-study.html?project=peakview-dental"
"1","../case-study.html?project=liberty-lake-smile-source"
"1","../case-study.html?project=miyazaki-dental"
"1","../case-study.html?project=yuma-airshow"
"1","../case-study.html?project=the-smilist"
"1","../case-study.html?project=tipping-hat"
"1","../case-study.html?project=sukoon"
"1","../case-study.html?project=the-point"
"1","../case-study.html?project=vi-talderm-md"
"1","../case-study.html?project=winston-c-throgmorton"
"1","../case-study.html?project=trevey"
"1","../case-study.html?project=turf-magic"
"1","../case-study.html?project=niagra-designs"
"1","../case-study.html?project=jk-hatcher-homes"
"1","../case-study.html?project=summit-graphics"
"1","../case-study.html?project=style-savy-designs"
"1","../case-study.html?project=phase-contracting"
"1","../case-study.html?project=pompano-glass"
"1","../case-study.html?project=mdt-transit"
"1","../case-study.html?project=pantera-homes"
"1","../case-study.html?project=inquiz-inspections"
"1","../case-study.html?project=cowest-insurance-service"
"1","../case-study.html?project=cowest-insurance-group"
"1","../case-study.html?project=ironside-capital"
"1","../case-study.html?project=firm-group"
"1","../case-study.html?project=great-west-restoration-colorado-agent"
"1","../case-study.html?project=home-pro-chesapeake"
"1","../case-study.html?project=budget-control-services"
"1","../case-study.html?project=benefits-matter"
"1","../case-study.html?project=humbold-couty-fair"
"1","../case-study.html?project=edmotnton-heritage-festival"
"1","../case-study.html?project=salinas-valley-fair"
"1","../case-study.html?project=mississippi-valley-fair"
"1","../case-study.html?project=mountain-west-law-group"
"1","../case-study.html?project=spector-law"
"1","../case-study.html?project=wake-heating-and-air"
"1","../case-study.html?project=mountain-peak-law-group-llc"
"1","../case-study.html?project=midwest-appliance-and-hvac"
"1","../case-study.html?project=ebony-equines"
"1","../case-study.html?project=deannas-papillons"
"1","../case-study.html?project=redline-construction"
"1","../case-study.html?project=granite-state-labradoodles"
"1","../case-study.html?project=tropical-remodel-solutions"
"1","../case-study.html?project=pest-magic"
"1","../case-study.html?project=ace-pet-services"
"1","../case-study.html?project=superior-showers"
"1","../case-study.html?project=m-communications"
"1","../case-study.html?project=simply-cupcakes-pasadena"
"1","../case-study.html?project=sage-restaurant"
"1","../case-study.html?project=tadka-indian-cuisine"
"1","../case-study.html?project=sushi-and-co"
"1","../case-study.html?project=mehak-india-s-aroma"
"1","../case-study.html?project=mehak-denver"
"1","../case-study.html?project=roots-and-brew"
"1","../case-study.html?project=nirvana-indian-cuisine"
"1","../case-study.html?project=zaika-broomfield"
"1","../case-study.html?project=coastal-homes"
"1","../case-study.html?project=zaika-littleton"
"1","../case-study.html?project=tala-wellness"
"1","../case-study.html?project=total-wellness-group"
"1","../case-study.html?project=zaika-colorado-springs"
"1","../case-study.html?project=zaika-castle-rock"
"1","../case-study.html?project=zaika-indian-cuisine"
"1","../case-study.html?project=zaika-express"
"1","../case-study.html?project=great-west-restoration-colorado"
"1","../case-study.html?project=the-executive-center"
"1","../case-study.html?project=frameless-shower-door"
"1","../case-study.html?project=glass-act"
"1","../case-study.html?project=obairagency"
"1","../case-study.html?project=marcoa"
"1","../case-study.html?project=speak-clear-communications"
"1","../case-study.html?project=prime-life-benefits"
"1","../case-study.html?project=denver-towing"
"1","../case-study.html?project=grin-and-barrett-charity-ride"
"1","../case-study.html?project=colorado-creditor-bar-association"
"1","../case-study.html?project=island-cool-creams"
"1","../case-study.html?project=haveli-indian-cuisine"
"1","../case-study.html?project=curved-glass-creations"
"1","../case-study.html?project=d-and-d-machinery-movers"
"1","../case-study.html?project=chutney-indian-cuisine"
"1","../case-study.html?project=barner-moving"
"1","../../about/website-knowledge-base/website-builder/site-settings-and-performance/privacy-settings/index.html"
"1","../../about/website-knowledge-base/website-builder/site-settings-and-performance/security-measures/index.html"
"1","../../about/website-knowledge-base/website-builder/site-settings-and-performance/built-in-site-optimization/index.html"
"1","../../about/website-knowledge-base/website-builder/site-settings-and-performance/site-seo-aeo-settings/index.html"
"1","../../about/website-knowledge-base/website-builder/site-settings-and-performance/facebook-tracking-pixels/index.html"
"1","../../about/website-knowledge-base/website-builder/site-settings-and-performance/ssls-https/index.html"
"1","../../about/website-knowledge-base/website-builder/site-settings-and-performance/url-redirects/index.html"
"1","../../about/website-knowledge-base/website-builder/site-settings-and-performance/schema-markup/index.html"
"1","../../about/website-knowledge-base/website-builder/site-settings-and-performance/seo-key-concepts-and-tools/index.html"
"1","../../about/website-knowledge-base/website-builder/site-settings-and-performance/site-configuration-files/index.html"
"1","../../about/website-knowledge-base/website-builder/site-settings-and-performance/lighthouse-and-core-web-vitals-comparison/index.html"
"1","../../about/website-knowledge-base/website-builder/site-settings-and-performance/progressive-web-app-pwa/index.html"
"1","../../about/website-knowledge-base/website-builder/site-settings-and-performance/indexnow/index.html"
"1","../../about/website-knowledge-base/website-builder/site-settings-and-performance/core-web-vitals/index.html"
"1","../../about/website-knowledge-base/website-builder/site-settings-and-performance/site-performance-and-optimization/index.html"
"1","../../about/website-knowledge-base/website-builder/site-settings-and-performance/core-web-vitals-faqs/index.html"
"1","../../about/website-knowledge-base/website-builder/site-settings-and-performance/core-web-vitals-best-practices-site-performance-and-optimization/index.html"
"1","../../about/website-knowledge-base/website-builder/bookings/set-up-bookings/index.html"
"1","../../about/website-knowledge-base/website-builder/bookings/bookings-overview/index.html"
"1","../../about/website-knowledge-base/website-builder/bookings/bookings-faqs/index.html"
"1","../../about/website-knowledge-base/website-builder/bookings/manage-bookings/index.html"
"1","../../about/website-knowledge-base/website-builder/connected-data-and-dynamic-pages/dynamic-content-airtable-collections/index.html"
"1","../../about/website-knowledge-base/website-builder/connected-data-and-dynamic-pages/dynamic-content-collections-for-regular-pages/index.html"
"1","../../about/website-knowledge-base/website-builder/connected-data-and-dynamic-pages/dynamic-content-display-and-navigation-options-for-collection-records/index.html"
"1","../../about/website-knowledge-base/website-builder/connected-data-and-dynamic-pages/dynamic-content-google-sheets-collections/index.html"
"1","../../about/website-knowledge-base/website-builder/bookings/uninstall-bookings/index.html"
"1","../../about/website-knowledge-base/website-builder/site-settings-and-performance/site-icons/index.html"
"1","../../about/website-knowledge-base/website-builder/site-settings-and-performance/connect-and-sync-your-google-business-profile/index.html"
"1","../../about/website-knowledge-base/website-builder/site-settings-and-performance/load-site-in-an-iframe/index.html"
"1","../../about/website-knowledge-base/website-builder/site-settings-and-performance/backup-sites/index.html"
"1","../../about/website-knowledge-base/website-builder/site-settings-and-performance/add-and-manage-multiple-languages/index.html"
"1","../../about/website-knowledge-base/website-builder/site-settings-and-performance/site-settings/index.html"
"1","../../about/website-knowledge-base/website-builder/site-settings-and-performance/google-tools/index.html"
"1","../../about/website-knowledge-base/website-builder/site-settings-and-performance/set-a-default-site-language/index.html"
"1","../../about/website-knowledge-base/website-builder/site-settings-and-performance/general-data-protection-regulation-gdpr-compliance-information-and-resources/index.html"
"1","../../about/website-knowledge-base/widgets/basic-widgets/widgets-button/index.html"
"1","../../about/website-knowledge-base/widgets/basic-widgets/widgets-text-and-titles-headings/index.html"
"1","../../about/website-knowledge-base/widgets/basic-widgets/widgets-breadcrumbs/index.html"
"1","../../about/website-knowledge-base/widgets/basic-widgets/widgets-hamburger-menu/index.html"
"1","../../about/website-knowledge-base/widgets/widget-overview/blog-widgets-search-posts/index.html"
"1","../../about/website-knowledge-base/widgets/widget-overview/blog-widgets-all-posts-and-recent-posts/index.html"
"1","../../about/website-knowledge-base/widgets/basic-widgets/widgets-accordion/index.html"
"1","../../about/website-knowledge-base/widgets/widget-overview/link-picker/index.html"
"1","../../about/website-knowledge-base/widgets/basic-widgets/widgets-icon/index.html"
"1","../../about/website-knowledge-base/widgets/basic-widgets/widgets-tabs/index.html"
"1","../../about/website-knowledge-base/widgets/basic-widgets/widgets-list/index.html"
"1","../../about/website-knowledge-base/widgets/basic-widgets/widgets-copyright/index.html"
"1","../../about/website-knowledge-base/widgets/basic-widgets/widgets-countdown/index.html"
"1","../../about/website-knowledge-base/widgets/basic-widgets/widgets-navigation-links/index.html"
"1","../../about/website-knowledge-base/widgets/basic-widgets/widgets-table/index.html"
"1","../../about/website-knowledge-base/widgets/basic-widgets/widgets-text-image/index.html"
"1","../../about/website-knowledge-base/widgets/basic-widgets/mega-menu/index.html"
"1","../../about/website-knowledge-base/website-builder/ai-tools/generate-a-site-with-ai/index.html"
"1","../../about/website-knowledge-base/website-builder/ai-tools/generate-seo-content-with-ai/index.html"
"1","../../about/website-knowledge-base/website-builder/edit-on-the-go/edit-on-the-go/index.html"
"1","../../about/website-knowledge-base/website-builder/ai-tools/how-to-write-effective-ai-prompts/index.html"
"1","../../about/website-knowledge-base/website-builder/ai-tools/ai-tools-overview/index.html"
"1","../../about/website-knowledge-base/website-builder/site-settings-and-performance/the-california-consumer-privacy-act-of-2018-ccpa-compliance-information-and-resources/index.html"
"1","../../about/website-knowledge-base/website-builder/ai-tools/create-a-flex-section-with-ai/index.html"
"1","../../about/website-knowledge-base/website-builder/ai-tools/ai-assistant-for-the-text-editor/index.html"
"1","../../about/website-knowledge-base/website-builder/edit-on-the-go/site-stats-on-mobile/index.html"
"1","../../about/website-knowledge-base/website-builder/edit-on-the-go/select-and-add-images-on-mobile/index.html"
"1","../../about/website-knowledge-base/website-builder/edit-on-the-go/edit-click-to-call-and-click-to-email-on-mobile/index.html"
"1","../../about/website-knowledge-base/widgets/widget-overview/widgets-library-and-overview/index.html"
"1","../../about/website-knowledge-base/website-builder/edit-on-the-go/backup-publish-re-publish-and-unpublish-on-mobile/index.html"
"1","../../about/website-knowledge-base/website-builder/edit-on-the-go/edit-image-widgets-on-mobile/index.html"
"1","../../about/website-knowledge-base/website-builder/edit-on-the-go/use-the-dashboard-on-mobile/index.html"
"1","../../about/website-knowledge-base/website-builder/edit-on-the-go/edit-sites-on-a-tablet/index.html"
"1","../../about/website-knowledge-base/website-builder/edit-on-the-go/edit-image-slider-and-photo-gallery-widgets-on-mobile/index.html"
"1","../../about/website-knowledge-base/dashboard-and-account/overview/export-site-list-to-csv/index.html"
"1","../../about/website-knowledge-base/dashboard-and-account/overview/site-dashboard-site-audit/index.html"
"1","../../about/website-knowledge-base/website-builder/editor/side-panel-improvements-in-the-editor/index.html"
"1","../../about/website-knowledge-base/dashboard-and-account/overview/save-views-of-site-list/index.html"
"1","../../about/website-knowledge-base/dashboard-and-account/overview/account-dashboard/index.html"
"1","../../about/how-to-videos/index.html"
"1","../../about/website-knowledge-base/dashboard-and-account/overview/site-dashboard/index.html"
"1","../../about/website-knowledge-base/dashboard-and-account/overview/account-settings/index.html"
"1","../../about/website-knowledge-base/website-builder/editor/editor-overview/index.html"
"1","../../about/website-knowledge-base/website-builder/editor/site-theme/index.html"
"1","../../about/website-knowledge-base/website-builder/editor/site-comments/index.html"
"1","../../about/website-knowledge-base/website-builder/editor/canvas-actions-and-options/index.html"
"1","../../about/website-knowledge-base/website-builder/editor/design-with-flexbox-technology/index.html"
"1","../../about/website-knowledge-base/website-builder/editor/how-to-identify-the-editor-version-your-site-uses/index.html"
"1","../../about/website-knowledge-base/website-builder/editor/editor-versions/index.html"
"1","../../about/website-knowledge-base/website-builder/editor/blog/index.html"
"1","../../about/website-knowledge-base/website-builder/editor/features-only-available-in-editor-2-0/index.html"
"1","../case-study.html?project=insightifi"
"1","../case-study.html?project=island-slider-guy"
"1","../case-study.html?project=housesketch"
"1","../case-study.html?project=idt"
"1","../case-study.html?project=light-of-mine"
"1","../case-study.html?project=linda-wang"
"1","../case-study.html?project=jack-lewis"
"1","../case-study.html?project=karma-tour-hawaii"
"1","../case-study.html?project=hi-dessert-egg"
"1","../case-study.html?project=fr-bumper-solutions"
"1","../case-study.html?project=future-grasp"
"1","../case-study.html?project=fine-arts-movement"
"1","../case-study.html?project=fit-republic"
"1","../case-study.html?project=has-tag-lab"
"1","../case-study.html?project=hebert-investigations"
"1","../case-study.html?project=ghost-town-fitness"
"1","../case-study.html?project=great-escape"
"1","../../about/website-knowledge-base/website-builder/editor/screen-sizes-and-devices/index.html"
"1","../../about/website-knowledge-base/website-builder/content/media-guidelines-and-specifications/index.html"
"1","../../about/website-knowledge-base/website-builder/content/business-data/index.html"
"1","../../about/website-knowledge-base/website-builder/content/media-terms-and-licensing/index.html"
"1","../../about/website-knowledge-base/website-builder/content/image-editor/index.html"
"1","../../about/website-knowledge-base/website-builder/content/media-manager-libraries-and-pickers/index.html"
"1","../../about/website-knowledge-base/website-builder/header-and-footer/footer/index.html"
"1","../../about/website-knowledge-base/website-builder/content/import-and-collect-content/index.html"
"1","../../about/website-knowledge-base/website-builder/content/media-panel/index.html"
"1","../../about/website-knowledge-base/website-builder/content/color-picker/index.html"
"1","../../about/website-knowledge-base/website-builder/connected-data-and-dynamic-pages/dynamic-content-external-collections/index.html"
"1","../../about/website-knowledge-base/website-builder/connected-data-and-dynamic-pages/dynamic-content-collections/index.html"
"1","../../about/website-knowledge-base/website-builder/connected-data-and-dynamic-pages/internal-collections-import-records-from-a-csv/index.html"
"1","../../about/website-knowledge-base/website-builder/connected-data-and-dynamic-pages/dynamic-content-internal-collections/index.html"
"1","../../about/website-knowledge-base/website-builder/connected-data-and-dynamic-pages/dynamic-content-business-info-text-and-images/index.html"
"1","../../about/website-knowledge-base/website-builder/content/element-backgrounds/index.html"
"1","../../about/website-knowledge-base/website-builder/connected-data-and-dynamic-pages/dynamic-content-overview/index.html"
"1","../../about/website-knowledge-base/website-builder/connected-data-and-dynamic-pages/dynamic-content-dynamic-pages/index.html"
"1","../../about/website-knowledge-base/website-builder/editor/launching-your-site-checklist/index.html"
"1","../../about/website-knowledge-base/website-builder/editor/system-requirements/index.html"
"1","../../about/website-knowledge-base/website-builder/publishing-sites/configure-alternate-domains/index.html"
"1","../../about/website-knowledge-base/website-builder/publishing-sites/make-your-site-live-initial-steps-and-dns-record-setup/index.html"
"1","../../about/website-knowledge-base/website-builder/editor/outer-and-inner-spacing/index.html"
"1","../../about/website-knowledge-base/website-builder/editor/manage-elements/index.html"
"1","../../about/website-knowledge-base/website-builder/editor/keyboard-shortcuts/index.html"
"1","../../about/website-knowledge-base/website-builder/editor/custom-code/index.html"
"1","../../about/website-knowledge-base/website-builder/publishing-sites/unpublish-a-site/index.html"
"1","../../about/website-knowledge-base/website-builder/pages-and-popups/custom-access-membership/index.html"
"1","../../about/website-knowledge-base/website-builder/pages-and-popups/membership/index.html"
"1","../../about/website-knowledge-base/website-builder/header-and-footer/headers/index.html"
"1","../../about/website-knowledge-base/website-builder/pages-and-popups/taxes-for-membership/index.html"
"1","../case-study.html?project=finding-the-fantastic"
"1","../../about/website-knowledge-base/website-builder/pages-and-popups/pages/index.html"
"1","../../about/website-knowledge-base/website-builder/pages-and-popups/personalization-rules/index.html"
"1","../../about/website-knowledge-base/website-builder/pages-and-popups/popups/index.html"
