"File","Attribute","Url","Exists"
"includes\header.html","href","/index.html","True"
"includes\header.html","src","/images/webact-logo.png","True"
"includes\header.html","href","/design/simple-editor.html","True"
"includes\header.html","href","/design/professional-editor.html","True"
"includes\header.html","href","/design/website-design.html","True"
"includes\header.html","href","/design/logo-design.html","True"
"includes\header.html","href","/design/graphic-design.html","True"
"includes\header.html","href","/design/branding.html","True"
"includes\header.html","href","/digital-ads/google-advertising.html","True"
"includes\header.html","href","/digital-ads/local-services-advertising.html","True"
"includes\header.html","href","/digital-ads/microsoft-advertising.html","True"
"includes\header.html","href","/digital-ads/social-media-advertising.html","True"
"includes\header.html","href","/digital-ads/amazon-advertising.html","True"
"includes\header.html","href","/digital-ads/television-advertising.html","True"
"includes\header.html","href","/marketing/national-seo.html","True"
"includes\header.html","href","/marketing/local-seo.html","True"
"includes\header.html","href","/marketing/aeo.html","True"
"includes\header.html","href","/marketing/gmb.html","True"
"includes\header.html","href","/marketing/local-listings.html","True"
"includes\header.html","href","/marketing/email-marketing.html","True"
"includes\header.html","href","/about/about-us.html","True"
"includes\header.html","href","/about/portfolio.html","True"
"includes\header.html","href","/about/faq.html","True"
"includes\header.html","href","/about/blog.html","True"
"includes\header.html","href","/about/website-knowledge-base.html","True"
"includes\header.html","href","/about/widget-knowledge-base.html","True"
"includes\header.html","href","/about/how-to-videos.html","True"
"includes\header.html","href","/about/login.html","True"
"includes\header.html","href","/pricing/design.html","True"
"includes\header.html","href","/pricing/marketing.html","True"
"includes\header.html","href","/pricing/advertising.html","True"
"includes\header.html","href","/pricing/packages.html","True"
"includes\header.html","href","/industries/index.html","True"
"includes\header.html","href","/industries/jewelry-stores/index.html","True"
"includes\header.html","href","/industries/hvac/index.html","True"
"includes\header.html","href","/industries/roofing/index.html","True"
"includes\header.html","href","/industries/plumbing/index.html","True"
"includes\header.html","href","/industries/real-estate/index.html","True"
"includes\header.html","href","/industries/nonprofits/index.html","True"
"includes\header.html","href","/industries/home-care/index.html","True"
"includes\header.html","href","/industries/parking-mobility/index.html","True"
"includes\header.html","href","/addons/domain-names.html","True"
"includes\header.html","href","/addons/professional-email.html","True"
"includes\header.html","href","/addons/widgets.html","True"
"includes\header.html","href","/addons/website-app-store.html","True"
"includes\header.html","href","/contact/index.html","True"
"includes\header.html","href","/contact/index.html","True"
"includes\footer.html","href","/contact/index.html","True"
"includes\footer.html","href","/about/portfolio.html","True"
"includes\footer.html","href","/index.html","True"
"includes\footer.html","src","/Resources/images/Edit-Logo-Black-to-White--Transparent-Bg--284-29-1920w.png","True"
"includes\footer.html","href","tel:8556974336","External/Skip"
"includes\footer.html","href","/design/website-design.html","True"
"includes\footer.html","href","/design/website-design.html","True"
"includes\footer.html","href","/design/logo-design.html","True"
"includes\footer.html","href","/design/graphic-design.html","True"
"includes\footer.html","href","/design/branding.html","True"
"includes\footer.html","href","/marketing/local-seo.html","True"
"includes\footer.html","href","/marketing/national-seo.html","True"
"includes\footer.html","href","/marketing/aeo.html","True"
"includes\footer.html","href","/marketing/email-marketing.html","True"
"includes\footer.html","href","/marketing/gmb.html","True"
"includes\footer.html","href","/digital-ads/google-advertising.html","True"
"includes\footer.html","href","/digital-ads/microsoft-advertising.html","True"
"includes\footer.html","href","/digital-ads/social-media-advertising.html","True"
"includes\footer.html","href","/digital-ads/local-services-advertising.html","True"
"includes\footer.html","href","/digital-ads/television-advertising.html","True"
"includes\footer.html","href","/about/portfolio.html","True"
"includes\footer.html","href","/about/portfolio/industry/index.html","True"
"includes\footer.html","href","/about/portfolio/best-dental-website-designs/index.html","True"
"includes\footer.html","href","/about/portfolio/best-restaurant-website-designs/index.html","True"
"includes\footer.html","href","/about/portfolio/best-roofing-website-designs/index.html","True"
"includes\footer.html","href","/about/blog.html","True"
"includes\footer.html","href","/about/faq.html","True"
"includes\footer.html","href","/about/website-knowledge-base.html","True"
"includes\footer.html","href","/about/how-to-videos.html","True"
"includes\footer.html","href","/contact/index.html","True"
"includes\footer.html","href","/industries/restaurants/index.html","True"
"includes\footer.html","href","/industries/dentists/index.html","True"
"includes\footer.html","href","/industries/law-firms/index.html","True"
"includes\footer.html","href","/industries/roofing/index.html","True"
"includes\footer.html","href","/industries/dental-medical/index.html","True"
"includes\footer.html","href","/industries/real-estate/index.html","True"
"includes\footer.html","href","/industries/home-services/index.html","True"
"includes\footer.html","href","/industries/ecommerce-stores/index.html","True"
"includes\footer.html","href","https://www.facebook.com/webactcompany","External/Skip"
"includes\footer.html","href","https://www.linkedin.com/company/webact","External/Skip"
"includes\footer.html","href","https://www.youtube.com/@WebActDenver/playlists","External/Skip"
"includes\footer.html","href","/privacy-policy/index.html","True"
"includes\footer.html","href","/terms/index.html","True"
"includes\footer.html","href","/sitemap.xml","True"
